Report Refresh Date,User Principal Name,Display Name,Assigned Products
2023-10-27,lindsay_kutch@groverale.onmicrosoft.com,Lindsay Kutch,Microsoft 365 E5
2023-10-27,arlo.boyle@groverale.onmicrosoft.com,Arlo Boyle,Microsoft 365 E5
2023-10-27,ara_gutmann@groverale.onmicrosoft.com,Ara Gutmann,Microsoft 365 E5
2023-10-27,rhianna.beier@groverale.onmicrosoft.com,Rhianna Beier,Microsoft 365 E5
2023-10-27,ryder_rosenbaum@groverale.onmicrosoft.com,Ryder Rosenbaum,Microsoft 365 E5
2023-10-27,davon.bins@groverale.onmicrosoft.com,Davon Bins,Microsoft 365 E5
2023-10-27,camilla.halvorson@groverale.onmicrosoft.com,Camilla Halvorson,Microsoft 365 E5
2023-10-27,chad.gutkowski@groverale.onmicrosoft.com,Chad Gutkowski,Microsoft 365 E5
2023-10-27,karlee_abernathy@groverale.onmicrosoft.com,Karlee Abernathy,Microsoft 365 E5
2023-10-27,silas_considine@groverale.onmicrosoft.com,Silas Considine,Microsoft 365 E5
2023-10-27,gregory_o.hara@groverale.onmicrosoft.com,Gregory O'Hara,Microsoft 365 E5
2023-10-27,angel.quitzon@groverale.onmicrosoft.com,Angel Quitzon,Microsoft 365 E5
2023-10-27,naomi_harvey@groverale.onmicrosoft.com,Naomi Harvey,Microsoft 365 E5
2023-10-27,brad_schimmel@groverale.onmicrosoft.com,Brad Schimmel,Microsoft 365 E5
2023-10-27,freida_kihn@groverale.onmicrosoft.com,Freida Kihn,Microsoft 365 E5
2023-10-27,geraldine_schinner@groverale.onmicrosoft.com,Geraldine Schinner,Microsoft 365 E5
2023-10-27,jaclyn.torphy@groverale.onmicrosoft.com,Jaclyn Torphy,Microsoft 365 E5
2023-10-27,juliana_huel@groverale.onmicrosoft.com,Juliana Huel,Microsoft 365 E5
2023-10-27,nannie.weber@groverale.onmicrosoft.com,Nannie Weber,Microsoft 365 E5
2023-10-27,jerald.bode@groverale.onmicrosoft.com,Jerald Bode,Microsoft 365 E5
2023-10-27,peyton.jaskolski@groverale.onmicrosoft.com,Peyton Jaskolski,Microsoft 365 E5
2023-10-27,alexane_mcclure@groverale.onmicrosoft.com,Alexane McClure,Microsoft 365 E5
2023-10-27,salma.cartwright@groverale.onmicrosoft.com,Salma Cartwright,Microsoft 365 E5
2023-10-27,lorenz.morissette@groverale.onmicrosoft.com,Lorenz Morissette,Microsoft 365 E5
2023-10-27,ayden.howell@groverale.onmicrosoft.com,Ayden Howell,Microsoft 365 E5
2023-10-27,idell.littel@groverale.onmicrosoft.com,Idell Littel,Microsoft 365 E5
2023-10-27,felicia_stroman@groverale.onmicrosoft.com,Felicia Stroman,Microsoft 365 E5
2023-10-27,telly_flatley@groverale.onmicrosoft.com,Telly Flatley,Microsoft 365 E5
2023-10-27,emery.murazik@groverale.onmicrosoft.com,Emery Murazik,Microsoft 365 E5
2023-10-27,mireille_hyatt@groverale.onmicrosoft.com,Mireille Hyatt,Microsoft 365 E5
2023-10-27,michaela_monahan@groverale.onmicrosoft.com,Michaela Monahan,Microsoft 365 E5
2023-10-27,steve_rowe@groverale.onmicrosoft.com,Steve Rowe,Microsoft 365 E5
2023-10-27,helena.daugherty@groverale.onmicrosoft.com,Helena Daugherty,Microsoft 365 E5
2023-10-27,coleman_volkman@groverale.onmicrosoft.com,Coleman Volkman,Microsoft 365 E5
2023-10-27,jimmie_effertz@groverale.onmicrosoft.com,Jimmie Effertz,Microsoft 365 E5
2023-10-27,brown.koch@groverale.onmicrosoft.com,Brown Koch,Microsoft 365 E5
2023-10-27,deron_wolf@groverale.onmicrosoft.com,Deron Wolf,Microsoft 365 E5
2023-10-27,bernadette_fisher@groverale.onmicrosoft.com,Bernadette Fisher,Microsoft 365 E5
2023-10-27,nyasia.pfannerstill@groverale.onmicrosoft.com,Nyasia Pfannerstill,Microsoft 365 E5
2023-10-27,zita_mcglynn@groverale.onmicrosoft.com,Zita McGlynn,Microsoft 365 E5
2023-10-27,eloise.klein@groverale.onmicrosoft.com,Eloise Klein,Microsoft 365 E5
2023-10-27,gina.leannon@groverale.onmicrosoft.com,Gina Leannon,Microsoft 365 E5
2023-10-27,cicero.brown@groverale.onmicrosoft.com,Cicero Brown,Microsoft 365 E5
2023-10-27,luna.jerde@groverale.onmicrosoft.com,Luna Jerde,Microsoft 365 E5
2023-10-27,myron.rohan@groverale.onmicrosoft.com,Myron Rohan,Microsoft 365 E5
2023-10-27,allene_hauck@groverale.onmicrosoft.com,Allene Hauck,Microsoft 365 E5
2023-10-27,catherine_hahn@groverale.onmicrosoft.com,Catherine Hahn,Microsoft 365 E5
2023-10-27,demarcus_kozey@groverale.onmicrosoft.com,Demarcus Kozey,Microsoft 365 E5
2023-10-27,roderick_lehner@groverale.onmicrosoft.com,Roderick Lehner,Microsoft 365 E5
2023-10-27,queenie_maggio@groverale.onmicrosoft.com,Queenie Maggio,Microsoft 365 E5
2023-10-27,nils.schoen@groverale.onmicrosoft.com,Nils Schoen,Microsoft 365 E5
2023-10-27,jeff_sipes@groverale.onmicrosoft.com,Jeff Sipes,Microsoft 365 E5
2023-10-27,mathilde.frami@groverale.onmicrosoft.com,Mathilde Frami,Microsoft 365 E5
2023-10-27,horacio.barrows@groverale.onmicrosoft.com,Horacio Barrows,Microsoft 365 E5
2023-10-27,lucile.veum@groverale.onmicrosoft.com,Lucile Veum,Microsoft 365 E5
2023-10-27,camilla_lebsack@groverale.onmicrosoft.com,Camilla Lebsack,Microsoft 365 E5
2023-10-27,serenity.beier@groverale.onmicrosoft.com,Serenity Beier,Microsoft 365 E5
2023-10-27,monserrat.osinski@groverale.onmicrosoft.com,Monserrat Osinski,Microsoft 365 E5
2023-10-27,ceasar.russel@groverale.onmicrosoft.com,Ceasar Russel,Microsoft 365 E5
2023-10-27,nayeli.keebler@groverale.onmicrosoft.com,Nayeli Keebler,Microsoft 365 E5
2023-10-27,isai_kirlin@groverale.onmicrosoft.com,Isai Kirlin,Microsoft 365 E5
2023-10-27,malika_crooks@groverale.onmicrosoft.com,Malika Crooks,Microsoft 365 E5
2023-10-27,deja.schimmel@groverale.onmicrosoft.com,Deja Schimmel,Microsoft 365 E5
2023-10-27,matteo_leffler@groverale.onmicrosoft.com,Matteo Leffler,Microsoft 365 E5
2023-10-27,jennifer.wyman@groverale.onmicrosoft.com,Jennifer Wyman,Microsoft 365 E5
2023-10-27,simeon.schoen@groverale.onmicrosoft.com,Simeon Schoen,Microsoft 365 E5
2023-10-27,annabelle.rice@groverale.onmicrosoft.com,Annabelle Rice,Microsoft 365 E5
2023-10-27,antwan.schulist@groverale.onmicrosoft.com,Antwan Schulist,Microsoft 365 E5
2023-10-27,forrest_boyle@groverale.onmicrosoft.com,Forrest Boyle,Microsoft 365 E5
2023-10-27,shany.harvey@groverale.onmicrosoft.com,Shany Harvey,Microsoft 365 E5
2023-10-27,rylan.stehr@groverale.onmicrosoft.com,Rylan Stehr,Microsoft 365 E5
2023-10-27,ewell.mosciski@groverale.onmicrosoft.com,Ewell Mosciski,Microsoft 365 E5
2023-10-27,joelle.vonrueden@groverale.onmicrosoft.com,Joelle VonRueden,Microsoft 365 E5
2023-10-27,amira.morissette@groverale.onmicrosoft.com,Amira Morissette,Microsoft 365 E5
2023-10-27,michale_swift@groverale.onmicrosoft.com,Michale Swift,Microsoft 365 E5
2023-10-27,arturo_hauck@groverale.onmicrosoft.com,Arturo Hauck,Microsoft 365 E5
2023-10-27,florida_graham@groverale.onmicrosoft.com,Florida Graham,Microsoft 365 E5
2023-10-27,princess_lindgren@groverale.onmicrosoft.com,Princess Lindgren,Microsoft 365 E5
2023-10-27,garrison_rowe@groverale.onmicrosoft.com,Garrison Rowe,Microsoft 365 E5
2023-10-27,yasmin.mertz@groverale.onmicrosoft.com,Yasmin Mertz,Microsoft 365 E5
2023-10-27,ronny_johns@groverale.onmicrosoft.com,Ronny Johns,Microsoft 365 E5
2023-10-27,trace.schulist@groverale.onmicrosoft.com,Trace Schulist,Microsoft 365 E5
2023-10-27,newton_predovic@groverale.onmicrosoft.com,Newton Predovic,Microsoft 365 E5
2023-10-27,jodie.lueilwitz@groverale.onmicrosoft.com,Jodie Lueilwitz,Microsoft 365 E5
2023-10-27,mafalda.tillman@groverale.onmicrosoft.com,Mafalda Tillman,Microsoft 365 E5
2023-10-27,kurtis_medhurst@groverale.onmicrosoft.com,Kurtis Medhurst,Microsoft 365 E5
2023-10-27,jamir_towne@groverale.onmicrosoft.com,Jamir Towne,Microsoft 365 E5
2023-10-27,rae.kihn@groverale.onmicrosoft.com,Rae Kihn,Microsoft 365 E5
2023-10-27,korbin.hintz@groverale.onmicrosoft.com,Korbin Hintz,Microsoft 365 E5
2023-10-27,trycia_weimann@groverale.onmicrosoft.com,Trycia Weimann,Microsoft 365 E5
2023-10-27,brenden_renner@groverale.onmicrosoft.com,Brenden Renner,Microsoft 365 E5
2023-10-27,jalon.murphy@groverale.onmicrosoft.com,Jalon Murphy,Microsoft 365 E5
2023-10-27,burley_windler@groverale.onmicrosoft.com,Burley Windler,Microsoft 365 E5
2023-10-27,brielle_gerlach@groverale.onmicrosoft.com,Brielle Gerlach,Microsoft 365 E5
2023-10-27,river.baumbach@groverale.onmicrosoft.com,River Baumbach,Microsoft 365 E5
2023-10-27,ansel.hayes@groverale.onmicrosoft.com,Ansel Hayes,Microsoft 365 E5
2023-10-27,johnnie.wintheiser@groverale.onmicrosoft.com,Johnnie Wintheiser,Microsoft 365 E5
2023-10-27,aurore.lang@groverale.onmicrosoft.com,Aurore Lang,Microsoft 365 E5
2023-10-27,arch.yost@groverale.onmicrosoft.com,Arch Yost,Microsoft 365 E5
2023-10-27,mozelle.boehm@groverale.onmicrosoft.com,Mozelle Boehm,Microsoft 365 E5
2023-10-27,efren.erdman@groverale.onmicrosoft.com,Efren Erdman,Microsoft 365 E5
2023-10-27,hallie.batz@groverale.onmicrosoft.com,Hallie Batz,Microsoft 365 E5
2023-10-27,adah.wintheiser@groverale.onmicrosoft.com,Adah Wintheiser,Microsoft 365 E5
2023-10-27,shea.nikolaus@groverale.onmicrosoft.com,Shea Nikolaus,Microsoft 365 E5
2023-10-27,cale.terry@groverale.onmicrosoft.com,Cale Terry,Microsoft 365 E5
2023-10-27,magdalen_lakin@groverale.onmicrosoft.com,Magdalen Lakin,Microsoft 365 E5
2023-10-27,devante_bayer@groverale.onmicrosoft.com,Devante Bayer,Microsoft 365 E5
2023-10-27,pink_schultz@groverale.onmicrosoft.com,Pink Schultz,Microsoft 365 E5
2023-10-27,ezekiel.cartwright@groverale.onmicrosoft.com,Ezekiel Cartwright,Microsoft 365 E5
2023-10-27,martina.padberg@groverale.onmicrosoft.com,Martina Padberg,Microsoft 365 E5
2023-10-27,victor_waters@groverale.onmicrosoft.com,Victor Waters,Microsoft 365 E5
2023-10-27,augusta.smith@groverale.onmicrosoft.com,Augusta Smith,Microsoft 365 E5
2023-10-27,rudy_fisher@groverale.onmicrosoft.com,Rudy Fisher,Microsoft 365 E5
2023-10-27,name.brown@groverale.onmicrosoft.com,Name Brown,Microsoft 365 E5
2023-10-27,tiana.schmitt@groverale.onmicrosoft.com,Tiana Schmitt,Microsoft 365 E5
2023-10-27,roman_pfeffer@groverale.onmicrosoft.com,Roman Pfeffer,Microsoft 365 E5
2023-10-27,carey_sauer@groverale.onmicrosoft.com,Carey Sauer,Microsoft 365 E5
2023-10-27,marty.labadie@groverale.onmicrosoft.com,Marty Labadie,Microsoft 365 E5
2023-10-27,eleanora_keeling@groverale.onmicrosoft.com,Eleanora Keeling,Microsoft 365 E5
2023-10-27,glenda.bernier@groverale.onmicrosoft.com,Glenda Bernier,Microsoft 365 E5
2023-10-27,quinn.murazik@groverale.onmicrosoft.com,Quinn Murazik,Microsoft 365 E5
2023-10-27,sid_kiehn@groverale.onmicrosoft.com,Sid Kiehn,Microsoft 365 E5
2023-10-27,stephon_spinka@groverale.onmicrosoft.com,Stephon Spinka,Microsoft 365 E5
2023-10-27,kenna_schmitt@groverale.onmicrosoft.com,Kenna Schmitt,Microsoft 365 E5
2023-10-27,madilyn.cremin@groverale.onmicrosoft.com,Madilyn Cremin,Microsoft 365 E5
2023-10-27,oceane_corkery@groverale.onmicrosoft.com,Oceane Corkery,Microsoft 365 E5
2023-10-27,caesar_goldner@groverale.onmicrosoft.com,Caesar Goldner,Microsoft 365 E5
2023-10-27,leilani.hoppe@groverale.onmicrosoft.com,Leilani Hoppe,Microsoft 365 E5
2023-10-27,misty_tromp@groverale.onmicrosoft.com,Misty Tromp,Microsoft 365 E5
2023-10-27,paige.dubuque@groverale.onmicrosoft.com,Paige DuBuque,Microsoft 365 E5
2023-10-27,madge_wyman@groverale.onmicrosoft.com,Madge Wyman,Microsoft 365 E5
2023-10-27,kip.nicolas@groverale.onmicrosoft.com,Kip Nicolas,Microsoft 365 E5
2023-10-27,idella.ziemann@groverale.onmicrosoft.com,Idella Ziemann,Microsoft 365 E5
2023-10-27,alexander.spinka@groverale.onmicrosoft.com,Alexander Spinka,Microsoft 365 E5
2023-10-27,alejandra.veum@groverale.onmicrosoft.com,Alejandra Veum,Microsoft 365 E5
2023-10-27,lydia.dibbert@groverale.onmicrosoft.com,Lydia Dibbert,Microsoft 365 E5
2023-10-27,odie.boyle@groverale.onmicrosoft.com,Odie Boyle,Microsoft 365 E5
2023-10-27,may.rempel@groverale.onmicrosoft.com,May Rempel,Microsoft 365 E5
2023-10-27,zoie.sporer@groverale.onmicrosoft.com,Zoie Sporer,Microsoft 365 E5
2023-10-27,lauretta.wunsch@groverale.onmicrosoft.com,Lauretta Wunsch,Microsoft 365 E5
2023-10-27,jaunita.maggio@groverale.onmicrosoft.com,Jaunita Maggio,Microsoft 365 E5
2023-10-27,norberto_kerluke@groverale.onmicrosoft.com,Norberto Kerluke,Microsoft 365 E5
2023-10-27,margot.toy@groverale.onmicrosoft.com,Margot Toy,Microsoft 365 E5
2023-10-27,justice.kris@groverale.onmicrosoft.com,Justice Kris,Microsoft 365 E5
2023-10-27,icie.bosco@groverale.onmicrosoft.com,Icie Bosco,Microsoft 365 E5
2023-10-27,josefa.konopelski@groverale.onmicrosoft.com,Josefa Konopelski,Microsoft 365 E5
2023-10-27,lillian.mcglynn@groverale.onmicrosoft.com,Lillian McGlynn,Microsoft 365 E5
2023-10-27,jefferey.mohr@groverale.onmicrosoft.com,Jefferey Mohr,Microsoft 365 E5
2023-10-27,mitchel.waelchi@groverale.onmicrosoft.com,Mitchel Waelchi,Microsoft 365 E5
2023-10-27,aurelie.goyette@groverale.onmicrosoft.com,Aurelie Goyette,Microsoft 365 E5
2023-10-27,rasheed_walsh@groverale.onmicrosoft.com,Rasheed Walsh,Microsoft 365 E5
2023-10-27,hailey_legros@groverale.onmicrosoft.com,Hailey Legros,Microsoft 365 E5
2023-10-27,kianna.hyatt@groverale.onmicrosoft.com,Kianna Hyatt,Microsoft 365 E5
2023-10-27,lloyd_jewess@groverale.onmicrosoft.com,Lloyd Jewess,Microsoft 365 E5
2023-10-27,chanelle_lowe@groverale.onmicrosoft.com,Chanelle Lowe,Microsoft 365 E5
2023-10-27,kiarra_gibson@groverale.onmicrosoft.com,Kiarra Gibson,Microsoft 365 E5
2023-10-27,keely_conn@groverale.onmicrosoft.com,Keely Conn,Microsoft 365 E5
2023-10-27,kiana.waters@groverale.onmicrosoft.com,Kiana Waters,Microsoft 365 E5
2023-10-27,maud_johnson@groverale.onmicrosoft.com,Maud Johnson,Microsoft 365 E5
2023-10-27,joseph.lesch@groverale.onmicrosoft.com,Joseph Lesch,Microsoft 365 E5
2023-10-27,stefanie.grimes@groverale.onmicrosoft.com,Stefanie Grimes,Microsoft 365 E5
2023-10-27,kristin.gulgowski@groverale.onmicrosoft.com,Kristin Gulgowski,Microsoft 365 E5
2023-10-27,berry.mraz@groverale.onmicrosoft.com,Berry Mraz,Microsoft 365 E5
2023-10-27,anne_hamill@groverale.onmicrosoft.com,Anne Hamill,Microsoft 365 E5
2023-10-27,amani_kirlin@groverale.onmicrosoft.com,Amani Kirlin,Microsoft 365 E5
2023-10-27,brandy.heller@groverale.onmicrosoft.com,Brandy Heller,Microsoft 365 E5
2023-10-27,hailie.corkery@groverale.onmicrosoft.com,Hailie Corkery,Microsoft 365 E5
2023-10-27,theresa_beer@groverale.onmicrosoft.com,Theresa Beer,Microsoft 365 E5
2023-10-27,tod.roberts@groverale.onmicrosoft.com,Tod Roberts,Microsoft 365 E5
2023-10-27,jalyn.herman@groverale.onmicrosoft.com,Jalyn Herman,Microsoft 365 E5
2023-10-27,hudson.rohan@groverale.onmicrosoft.com,Hudson Rohan,Microsoft 365 E5
2023-10-27,greg.schoen@groverale.onmicrosoft.com,Greg Schoen,Microsoft 365 E5
2023-10-27,caterina_olson@groverale.onmicrosoft.com,Caterina Olson,Microsoft 365 E5
2023-10-27,derek.howe@groverale.onmicrosoft.com,Derek Howe,Microsoft 365 E5
2023-10-27,aida.cummerata@groverale.onmicrosoft.com,Aida Cummerata,Microsoft 365 E5
2023-10-27,erika.bradtke@groverale.onmicrosoft.com,Erika Bradtke,Microsoft 365 E5
2023-10-27,destiney_bauch@groverale.onmicrosoft.com,Destiney Bauch,Microsoft 365 E5
2023-10-27,giovanna.emmerich@groverale.onmicrosoft.com,Giovanna Emmerich,Microsoft 365 E5
2023-10-27,brigitte.von@groverale.onmicrosoft.com,Brigitte Von,Microsoft 365 E5
2023-10-27,dustin.cremin@groverale.onmicrosoft.com,Dustin Cremin,Microsoft 365 E5
2023-10-27,leonora.pouros@groverale.onmicrosoft.com,Leonora Pouros,Microsoft 365 E5
2023-10-27,cristobal.mueller@groverale.onmicrosoft.com,Cristobal Mueller,Microsoft 365 E5
2023-10-27,madelyn.ward@groverale.onmicrosoft.com,Madelyn Ward,Microsoft 365 E5
2023-10-27,lulu.schuster@groverale.onmicrosoft.com,Lulu Schuster,Microsoft 365 E5
2023-10-27,sim.ledner@groverale.onmicrosoft.com,Sim Ledner,Microsoft 365 E5
2023-10-27,arlie.deckow@groverale.onmicrosoft.com,Arlie Deckow,Microsoft 365 E5
2023-10-27,princess_jast@groverale.onmicrosoft.com,Princess Jast,Microsoft 365 E5
2023-10-27,isabella_hintz@groverale.onmicrosoft.com,Isabella Hintz,Microsoft 365 E5
2023-10-27,keanu.kessler@groverale.onmicrosoft.com,Keanu Kessler,Microsoft 365 E5
2023-10-27,agnes.rogahn@groverale.onmicrosoft.com,Agnes Rogahn,Microsoft 365 E5
2023-10-27,adelle.armstrong@groverale.onmicrosoft.com,Adelle Armstrong,Microsoft 365 E5
2023-10-27,cristina_emard@groverale.onmicrosoft.com,Cristina Emard,Microsoft 365 E5
2023-10-27,deron.kuhic@groverale.onmicrosoft.com,Deron Kuhic,Microsoft 365 E5
2023-10-27,shad_wisoky@groverale.onmicrosoft.com,Shad Wisoky,Microsoft 365 E5
2023-10-27,vincenza.dubuque@groverale.onmicrosoft.com,Vincenza DuBuque,Microsoft 365 E5
2023-10-27,kasey.heathcote@groverale.onmicrosoft.com,Kasey Heathcote,Microsoft 365 E5
2023-10-27,cortez_kris@groverale.onmicrosoft.com,Cortez Kris,Microsoft 365 E5
2023-10-27,magdalena.bradtke@groverale.onmicrosoft.com,Magdalena Bradtke,Microsoft 365 E5
2023-10-27,destin.stroman@groverale.onmicrosoft.com,Destin Stroman,Microsoft 365 E5
2023-10-27,zelma_walter@groverale.onmicrosoft.com,Zelma Walter,Microsoft 365 E5
2023-10-27,mack_dach@groverale.onmicrosoft.com,Mack Dach,Microsoft 365 E5
2023-10-27,yoshiko_krajcik@groverale.onmicrosoft.com,Yoshiko Krajcik,Microsoft 365 E5
2023-10-27,keven_turner@groverale.onmicrosoft.com,Keven Turner,Microsoft 365 E5
2023-10-27,darwin.batz@groverale.onmicrosoft.com,Darwin Batz,Microsoft 365 E5
2023-10-27,buford_homenick@groverale.onmicrosoft.com,Buford Homenick,Microsoft 365 E5
2023-10-27,davonte_harber@groverale.onmicrosoft.com,Davonte Harber,Microsoft 365 E5
2023-10-27,molly_swift@groverale.onmicrosoft.com,Molly Swift,Microsoft 365 E5
2023-10-27,anahi.runolfsson@groverale.onmicrosoft.com,Anahi Runolfsson,Microsoft 365 E5
2023-10-27,alfonzo_kutch@groverale.onmicrosoft.com,Alfonzo Kutch,Microsoft 365 E5
2023-10-27,astrid.mclaughlin@groverale.onmicrosoft.com,Astrid McLaughlin,Microsoft 365 E5
2023-10-27,kade.hilll@groverale.onmicrosoft.com,Kade Hilll,Microsoft 365 E5
2023-10-27,camren_hegmann@groverale.onmicrosoft.com,Camren Hegmann,Microsoft 365 E5
2023-10-27,dovie_borer@groverale.onmicrosoft.com,Dovie Borer,Microsoft 365 E5
2023-10-27,nikko_o_hara@groverale.onmicrosoft.com,Nikko O'Hara,Microsoft 365 E5
2023-10-27,gustave_connelly@groverale.onmicrosoft.com,Gustave Connelly,Microsoft 365 E5
2023-10-27,ernesto_macejkovic@groverale.onmicrosoft.com,Ernesto Macejkovic,Microsoft 365 E5
2023-10-27,jennings.kunze@groverale.onmicrosoft.com,Jennings Kunze,Microsoft 365 E5
2023-10-27,brennan_kuhlman@groverale.onmicrosoft.com,Brennan Kuhlman,Microsoft 365 E5
2023-10-27,claudine.effertz@groverale.onmicrosoft.com,Claudine Effertz,Microsoft 365 E5
2023-10-27,kellen.heathcote@groverale.onmicrosoft.com,Kellen Heathcote,Microsoft 365 E5
2023-10-27,chet_rath@groverale.onmicrosoft.com,Chet Rath,Microsoft 365 E5
2023-10-27,jacquelyn_crona@groverale.onmicrosoft.com,Jacquelyn Crona,Microsoft 365 E5
2023-10-27,lilly_nolan@groverale.onmicrosoft.com,Lilly Nolan,Microsoft 365 E5
2023-10-27,cassie_berge@groverale.onmicrosoft.com,Cassie Berge,Microsoft 365 E5
2023-10-27,giovanna.dickinson@groverale.onmicrosoft.com,Giovanna Dickinson,Microsoft 365 E5
2023-10-27,felicita.pfannerstill@groverale.onmicrosoft.com,Felicita Pfannerstill,Microsoft 365 E5
2023-10-27,dena_stark@groverale.onmicrosoft.com,Dena Stark,Microsoft 365 E5
2023-10-27,jany_crooks@groverale.onmicrosoft.com,Jany Crooks,Microsoft 365 E5
2023-10-27,lindsey_cummings@groverale.onmicrosoft.com,Lindsey Cummings,Microsoft 365 E5
2023-10-27,ansel_toy@groverale.onmicrosoft.com,Ansel Toy,Microsoft 365 E5
2023-10-27,jalyn_kling@groverale.onmicrosoft.com,Jalyn Kling,Microsoft 365 E5
2023-10-27,graciela.beahan@groverale.onmicrosoft.com,Graciela Beahan,Microsoft 365 E5
2023-10-27,verdie_thompson@groverale.onmicrosoft.com,Verdie Thompson,Microsoft 365 E5
2023-10-27,antwan.reichert@groverale.onmicrosoft.com,Antwan Reichert,Microsoft 365 E5
2023-10-27,bonnie.mayer@groverale.onmicrosoft.com,Bonnie Mayer,Microsoft 365 E5
2023-10-27,edwardo_skiles@groverale.onmicrosoft.com,Edwardo Skiles,Microsoft 365 E5
2023-10-27,ocie_gusikowski@groverale.onmicrosoft.com,Ocie Gusikowski,Microsoft 365 E5
2023-10-27,lupe_gibson@groverale.onmicrosoft.com,Lupe Gibson,Microsoft 365 E5
2023-10-27,sebastian_schimmel@groverale.onmicrosoft.com,Sebastian Schimmel,Microsoft 365 E5
2023-10-27,coby_conn@groverale.onmicrosoft.com,Coby Conn,Microsoft 365 E5
2023-10-27,melyssa_leannon@groverale.onmicrosoft.com,Melyssa Leannon,Microsoft 365 E5
2023-10-27,reagan_trantow@groverale.onmicrosoft.com,Reagan Trantow,Microsoft 365 E5
2023-10-27,micheal.glover@groverale.onmicrosoft.com,Micheal Glover,Microsoft 365 E5
2023-10-27,geraldine_fay@groverale.onmicrosoft.com,Geraldine Fay,Microsoft 365 E5
2023-10-27,hattie.mertz@groverale.onmicrosoft.com,Hattie Mertz,Microsoft 365 E5
2023-10-27,brody.emmerich@groverale.onmicrosoft.com,Brody Emmerich,Microsoft 365 E5
2023-10-27,buford_schamberger@groverale.onmicrosoft.com,Buford Schamberger,Microsoft 365 E5
2023-10-27,yvonne.heller@groverale.onmicrosoft.com,Yvonne Heller,Microsoft 365 E5
2023-10-27,gregorio.russel@groverale.onmicrosoft.com,Gregorio Russel,Microsoft 365 E5
2023-10-27,stan.terry@groverale.onmicrosoft.com,Stan Terry,Microsoft 365 E5
2023-10-27,bonnie.balistreri@groverale.onmicrosoft.com,Bonnie Balistreri,Microsoft 365 E5
2023-10-27,coby_ondricka@groverale.onmicrosoft.com,Coby Ondricka,Microsoft 365 E5
2023-10-27,cesar_friesen@groverale.onmicrosoft.com,Cesar Friesen,Microsoft 365 E5
2023-10-27,florine_windler@groverale.onmicrosoft.com,Florine Windler,Microsoft 365 E5
2023-10-27,marisa_hayes@groverale.onmicrosoft.com,Marisa Hayes,Microsoft 365 E5
2023-10-27,hortense.goldner@groverale.onmicrosoft.com,Hortense Goldner,Microsoft 365 E5
2023-10-27,althea_stiedemann@groverale.onmicrosoft.com,Althea Stiedemann,Microsoft 365 E5
2023-10-27,heather_mitchell@groverale.onmicrosoft.com,Heather Mitchell,Microsoft 365 E5
2023-10-27,bryce_considine@groverale.onmicrosoft.com,Bryce Considine,Microsoft 365 E5
2023-10-27,opal_keebler@groverale.onmicrosoft.com,Opal Keebler,Microsoft 365 E5
2023-10-27,shawna_barton@groverale.onmicrosoft.com,Shawna Barton,Microsoft 365 E5
2023-10-27,caleigh.terry@groverale.onmicrosoft.com,Caleigh Terry,Microsoft 365 E5
2023-10-27,ethelyn.braun@groverale.onmicrosoft.com,Ethelyn Braun,Microsoft 365 E5
2023-10-27,oran_greenholt@groverale.onmicrosoft.com,Oran Greenholt,Microsoft 365 E5
2023-10-27,brad_predovic@groverale.onmicrosoft.com,Brad Predovic,Microsoft 365 E5
2023-10-27,alycia.gleason@groverale.onmicrosoft.com,Alycia Gleason,Microsoft 365 E5
2023-10-27,lee_kautzer@groverale.onmicrosoft.com,Lee Kautzer,Microsoft 365 E5
2023-10-27,lorenza_herman@groverale.onmicrosoft.com,Lorenza Herman,Microsoft 365 E5
2023-10-27,maynard.schmitt@groverale.onmicrosoft.com,Maynard Schmitt,Microsoft 365 E5
2023-10-27,valerie_abernathy@groverale.onmicrosoft.com,Valerie Abernathy,Microsoft 365 E5
2023-10-27,vladimir.rowe@groverale.onmicrosoft.com,Vladimir Rowe,Microsoft 365 E5
2023-10-27,jeff.purdy@groverale.onmicrosoft.com,Jeff Purdy,Microsoft 365 E5
2023-10-27,therese_gusikowski@groverale.onmicrosoft.com,Therese Gusikowski,Microsoft 365 E5
2023-10-27,mikel.quigley@groverale.onmicrosoft.com,Mikel Quigley,Microsoft 365 E5
2023-10-27,rowena.mcclure@groverale.onmicrosoft.com,Rowena McClure,Microsoft 365 E5
2023-10-27,maggie_ziemann@groverale.onmicrosoft.com,Maggie Ziemann,Microsoft 365 E5
2023-10-27,jayne.grady@groverale.onmicrosoft.com,Jayne Grady,Microsoft 365 E5
2023-10-27,celia.leuschke@groverale.onmicrosoft.com,Celia Leuschke,Microsoft 365 E5
2023-10-27,katlyn.altenwerth@groverale.onmicrosoft.com,Katlyn Altenwerth,Microsoft 365 E5
2023-10-27,madonna_gottlieb@groverale.onmicrosoft.com,Madonna Gottlieb,Microsoft 365 E5
2023-10-27,erica_beahan@groverale.onmicrosoft.com,Erica Beahan,Microsoft 365 E5
2023-10-27,larry.bahringer@groverale.onmicrosoft.com,Larry Bahringer,Microsoft 365 E5
2023-10-27,jolie_schinner@groverale.onmicrosoft.com,Jolie Schinner,Microsoft 365 E5
2023-10-27,gregorio.hane@groverale.onmicrosoft.com,Gregorio Hane,Microsoft 365 E5
2023-10-27,piper.mosciski@groverale.onmicrosoft.com,Piper Mosciski,Microsoft 365 E5
2023-10-27,evelyn_auer@groverale.onmicrosoft.com,Evelyn Auer,Microsoft 365 E5
2023-10-27,emilio.littel@groverale.onmicrosoft.com,Emilio Littel,Microsoft 365 E5
2023-10-27,florian.kiehn@groverale.onmicrosoft.com,Florian Kiehn,Microsoft 365 E5
2023-10-27,ruth_grimes@groverale.onmicrosoft.com,Ruth Grimes,Microsoft 365 E5
2023-10-27,eulah.smitham@groverale.onmicrosoft.com,Eulah Smitham,Microsoft 365 E5
2023-10-27,samir_wilderman@groverale.onmicrosoft.com,Samir Wilderman,Microsoft 365 E5
2023-10-27,lyric_dubuque@groverale.onmicrosoft.com,Lyric DuBuque,Microsoft 365 E5
2023-10-27,cordell_reynolds@groverale.onmicrosoft.com,Cordell Reynolds,Microsoft 365 E5
2023-10-27,lawson_weissnat@groverale.onmicrosoft.com,Lawson Weissnat,Microsoft 365 E5
2023-10-27,gladyce.haley@groverale.onmicrosoft.com,Gladyce Haley,Microsoft 365 E5
2023-10-27,hugh.streich@groverale.onmicrosoft.com,Hugh Streich,Microsoft 365 E5
2023-10-27,efrain.walker@groverale.onmicrosoft.com,Efrain Walker,Microsoft 365 E5
2023-10-27,micheal.price@groverale.onmicrosoft.com,Micheal Price,Microsoft 365 E5
2023-10-27,oswald_howell@groverale.onmicrosoft.com,Oswald Howell,Microsoft 365 E5
2023-10-27,celestine_smith@groverale.onmicrosoft.com,Celestine Smith,Microsoft 365 E5
2023-10-27,hector_daugherty@groverale.onmicrosoft.com,Hector Daugherty,Microsoft 365 E5
2023-10-27,haleigh.gerhold@groverale.onmicrosoft.com,Haleigh Gerhold,Microsoft 365 E5
2023-10-27,lelia_sawayn@groverale.onmicrosoft.com,Lelia Sawayn,Microsoft 365 E5
2023-10-27,austyn_stehr@groverale.onmicrosoft.com,Austyn Stehr,Microsoft 365 E5
2023-10-27,caitlyn.flatley@groverale.onmicrosoft.com,Caitlyn Flatley,Microsoft 365 E5
2023-10-27,carrie_barton@groverale.onmicrosoft.com,Carrie Barton,Microsoft 365 E5
2023-10-27,aimee.bailey@groverale.onmicrosoft.com,Aimee Bailey,Microsoft 365 E5
2023-10-27,charles_runolfsson@groverale.onmicrosoft.com,Charles Runolfsson,Microsoft 365 E5
2023-10-27,muriel.emmerich@groverale.onmicrosoft.com,Muriel Emmerich,Microsoft 365 E5
2023-10-27,teresa_dubuque@groverale.onmicrosoft.com,Teresa DuBuque,Microsoft 365 E5
2023-10-27,lyda_kshlerin@groverale.onmicrosoft.com,Lyda Kshlerin,Microsoft 365 E5
2023-10-27,sophie_dickinson@groverale.onmicrosoft.com,Sophie Dickinson,Microsoft 365 E5
2023-10-27,robbie_wolf@groverale.onmicrosoft.com,Robbie Wolf,Microsoft 365 E5
2023-10-27,nichole.jerde@groverale.onmicrosoft.com,Nichole Jerde,Microsoft 365 E5
2023-10-27,carmine.cruickshank@groverale.onmicrosoft.com,Carmine Cruickshank,Microsoft 365 E5
2023-10-27,marley_rath@groverale.onmicrosoft.com,Marley Rath,Microsoft 365 E5
2023-10-27,jules.little@groverale.onmicrosoft.com,Jules Little,Microsoft 365 E5
2023-10-27,mariela_berge@groverale.onmicrosoft.com,Mariela Berge,Microsoft 365 E5
2023-10-27,taya_wiza@groverale.onmicrosoft.com,Taya Wiza,Microsoft 365 E5
2023-10-27,steve_hahn@groverale.onmicrosoft.com,Steve Hahn,Microsoft 365 E5
2023-10-27,jerel_witting@groverale.onmicrosoft.com,Jerel Witting,Microsoft 365 E5
2023-10-27,angela.hermann@groverale.onmicrosoft.com,Angela Hermann,Microsoft 365 E5
2023-10-27,janelle.flatley@groverale.onmicrosoft.com,Janelle Flatley,Microsoft 365 E5
2023-10-27,mable_glover@groverale.onmicrosoft.com,Mable Glover,Microsoft 365 E5
2023-10-27,ena_ankunding@groverale.onmicrosoft.com,Ena Ankunding,Microsoft 365 E5
2023-10-27,virgie.jones@groverale.onmicrosoft.com,Virgie Jones,Microsoft 365 E5
2023-10-27,isabella.towne@groverale.onmicrosoft.com,Isabella Towne,Microsoft 365 E5
2023-10-27,anais.pagac@groverale.onmicrosoft.com,Anais Pagac,Microsoft 365 E5
2023-10-27,pasquale.weimann@groverale.onmicrosoft.com,Pasquale Weimann,Microsoft 365 E5
2023-10-27,libbie_reynolds@groverale.onmicrosoft.com,Libbie Reynolds,Microsoft 365 E5
2023-10-27,mozell_bruen@groverale.onmicrosoft.com,Mozell Bruen,Microsoft 365 E5
2023-10-27,arvel_ritchie@groverale.onmicrosoft.com,Arvel Ritchie,Microsoft 365 E5
2023-10-27,mya_wintheiser@groverale.onmicrosoft.com,Mya Wintheiser,Microsoft 365 E5
2023-10-27,kevon.ullrich@groverale.onmicrosoft.com,Kevon Ullrich,Microsoft 365 E5
2023-10-27,coty_pfannerstill@groverale.onmicrosoft.com,Coty Pfannerstill,Microsoft 365 E5
2023-10-27,leora_steuber@groverale.onmicrosoft.com,Leora Steuber,Microsoft 365 E5
2023-10-27,rick_bogisich@groverale.onmicrosoft.com,Rick Bogisich,Microsoft 365 E5
2023-10-27,vita_vandervort@groverale.onmicrosoft.com,Vita Vandervort,Microsoft 365 E5
2023-10-27,rigoberto.morar@groverale.onmicrosoft.com,Rigoberto Morar,Microsoft 365 E5
2023-10-27,pierce.wyman@groverale.onmicrosoft.com,Pierce Wyman,Microsoft 365 E5
2023-10-27,magdalena.white@groverale.onmicrosoft.com,Magdalena White,Microsoft 365 E5
2023-10-27,jerod_ward@groverale.onmicrosoft.com,Jerod Ward,Microsoft 365 E5
2023-10-27,amely.jacobson@groverale.onmicrosoft.com,Amely Jacobson,Microsoft 365 E5
2023-10-27,letitia.parisian@groverale.onmicrosoft.com,Letitia Parisian,Microsoft 365 E5
2023-10-27,jarrod_flatley@groverale.onmicrosoft.com,Jarrod Flatley,Microsoft 365 E5
2023-10-27,jocelyn.schinner@groverale.onmicrosoft.com,Jocelyn Schinner,Microsoft 365 E5
2023-10-27,merl.torphy@groverale.onmicrosoft.com,Merl Torphy,Microsoft 365 E5
2023-10-27,sunny_hahn@groverale.onmicrosoft.com,Sunny Hahn,Microsoft 365 E5
2023-10-27,ubaldo_russel@groverale.onmicrosoft.com,Ubaldo Russel,Microsoft 365 E5
2023-10-27,verona.hayes@groverale.onmicrosoft.com,Verona Hayes,Microsoft 365 E5
2023-10-27,jailyn_corkery@groverale.onmicrosoft.com,Jailyn Corkery,Microsoft 365 E5
2023-10-27,kian_steuber@groverale.onmicrosoft.com,Kian Steuber,Microsoft 365 E5
2023-10-27,jeramy.schultz@groverale.onmicrosoft.com,Jeramy Schultz,Microsoft 365 E5
2023-10-27,jamey_cummerata@groverale.onmicrosoft.com,Jamey Cummerata,Microsoft 365 E5
2023-10-27,matteo.romaguera@groverale.onmicrosoft.com,Matteo Romaguera,Microsoft 365 E5
2023-10-27,june_watsica@groverale.onmicrosoft.com,June Watsica,Microsoft 365 E5
2023-10-27,haven_stamm@groverale.onmicrosoft.com,Haven Stamm,Microsoft 365 E5
2023-10-27,zita_crooks@groverale.onmicrosoft.com,Zita Crooks,Microsoft 365 E5
2023-10-27,myles_wolf@groverale.onmicrosoft.com,Myles Wolf,Microsoft 365 E5
2023-10-27,crawford_gorczany@groverale.onmicrosoft.com,Crawford Gorczany,Microsoft 365 E5
2023-10-27,okey_ankunding@groverale.onmicrosoft.com,Okey Ankunding,Microsoft 365 E5
2023-10-27,brisa_mraz@groverale.onmicrosoft.com,Brisa Mraz,Microsoft 365 E5
2023-10-27,courtney_luettgen@groverale.onmicrosoft.com,Courtney Luettgen,Microsoft 365 E5
2023-10-27,nash_frami@groverale.onmicrosoft.com,Nash Frami,Microsoft 365 E5
2023-10-27,cassandre.bashirian@groverale.onmicrosoft.com,Cassandre Bashirian,Microsoft 365 E5
2023-10-27,mandy_schowalter@groverale.onmicrosoft.com,Mandy Schowalter,Microsoft 365 E5
2023-10-27,coleman.greenfelder@groverale.onmicrosoft.com,Coleman Greenfelder,Microsoft 365 E5
2023-10-27,granville.stroman@groverale.onmicrosoft.com,Granville Stroman,Microsoft 365 E5
2023-10-27,casimer_windler@groverale.onmicrosoft.com,Casimer Windler,Microsoft 365 E5
2023-10-27,ewell.sipes@groverale.onmicrosoft.com,Ewell Sipes,Microsoft 365 E5
2023-10-27,lorna.witting@groverale.onmicrosoft.com,Lorna Witting,Microsoft 365 E5
2023-10-27,gerry.stroman@groverale.onmicrosoft.com,Gerry Stroman,Microsoft 365 E5
2023-10-27,travon_bode@groverale.onmicrosoft.com,Travon Bode,Microsoft 365 E5
2023-10-27,kamren.kub@groverale.onmicrosoft.com,Kamren Kub,Microsoft 365 E5
2023-10-27,shanny_o.kon@groverale.onmicrosoft.com,Shanny O'Kon,Microsoft 365 E5
2023-10-27,mara_haley@groverale.onmicrosoft.com,Mara Haley,Microsoft 365 E5
2023-10-27,araceli_bailey@groverale.onmicrosoft.com,Araceli Bailey,Microsoft 365 E5
2023-10-27,ramon.beatty@groverale.onmicrosoft.com,Ramon Beatty,Microsoft 365 E5
2023-10-27,dillan.murphy@groverale.onmicrosoft.com,Dillan Murphy,Microsoft 365 E5
2023-10-27,ryder_graham@groverale.onmicrosoft.com,Ryder Graham,Microsoft 365 E5
2023-10-27,marcos.carter@groverale.onmicrosoft.com,Marcos Carter,Microsoft 365 E5
2023-10-27,baron_thompson@groverale.onmicrosoft.com,Baron Thompson,Microsoft 365 E5
2023-10-27,lucienne_farrell@groverale.onmicrosoft.com,Lucienne Farrell,Microsoft 365 E5
2023-10-27,valerie.connelly@groverale.onmicrosoft.com,Valerie Connelly,Microsoft 365 E5
2023-10-27,mariano.abbott@groverale.onmicrosoft.com,Mariano Abbott,Microsoft 365 E5
2023-10-27,gretchen_gleichner@groverale.onmicrosoft.com,Gretchen Gleichner,Microsoft 365 E5
2023-10-27,wilhelm_herzog@groverale.onmicrosoft.com,Wilhelm Herzog,Microsoft 365 E5
2023-10-27,laura_o_kon@groverale.onmicrosoft.com,Laura O'Kon,Microsoft 365 E5
2023-10-27,gunner_volkman@groverale.onmicrosoft.com,Gunner Volkman,Microsoft 365 E5
2023-10-27,jermain.reinger@groverale.onmicrosoft.com,Jermain Reinger,Microsoft 365 E5
2023-10-27,pierce_goodwin@groverale.onmicrosoft.com,Pierce Goodwin,Microsoft 365 E5
2023-10-27,gideon_cronin@groverale.onmicrosoft.com,Gideon Cronin,Microsoft 365 E5
2023-10-27,zoila.rice@groverale.onmicrosoft.com,Zoila Rice,Microsoft 365 E5
2023-10-27,matilda_yundt@groverale.onmicrosoft.com,Matilda Yundt,Microsoft 365 E5
2023-10-27,esmeralda_boyle@groverale.onmicrosoft.com,Esmeralda Boyle,Microsoft 365 E5
2023-10-27,elody.sauer@groverale.onmicrosoft.com,Elody Sauer,Microsoft 365 E5
2023-10-27,kamron_hauck@groverale.onmicrosoft.com,Kamron Hauck,Microsoft 365 E5
2023-10-27,karson.beier@groverale.onmicrosoft.com,Karson Beier,Microsoft 365 E5
2023-10-27,annie.klein@groverale.onmicrosoft.com,Annie Klein,Microsoft 365 E5
2023-10-27,dawson_koch@groverale.onmicrosoft.com,Dawson Koch,Microsoft 365 E5
2023-10-27,maybelle.schowalter@groverale.onmicrosoft.com,Maybelle Schowalter,Microsoft 365 E5
2023-10-27,tyra.fadel@groverale.onmicrosoft.com,Tyra Fadel,Microsoft 365 E5
2023-10-27,reinhold.heathcote@groverale.onmicrosoft.com,Reinhold Heathcote,Microsoft 365 E5
2023-10-27,leila_murphy@groverale.onmicrosoft.com,Leila Murphy,Microsoft 365 E5
2023-10-27,eliezer.schuppe@groverale.onmicrosoft.com,Eliezer Schuppe,Microsoft 365 E5
2023-10-27,hollis.lakin@groverale.onmicrosoft.com,Hollis Lakin,Microsoft 365 E5
2023-10-27,clinton.konopelski@groverale.onmicrosoft.com,Clinton Konopelski,Microsoft 365 E5
2023-10-27,lottie_mayer@groverale.onmicrosoft.com,Lottie Mayer,Microsoft 365 E5
2023-10-27,antonette_o.keefe@groverale.onmicrosoft.com,Antonette O'Keefe,Microsoft 365 E5
2023-10-27,juliet_kuphal@groverale.onmicrosoft.com,Juliet Kuphal,Microsoft 365 E5
2023-10-27,piper_bartoletti@groverale.onmicrosoft.com,Piper Bartoletti,Microsoft 365 E5
2023-10-27,deonte.friesen@groverale.onmicrosoft.com,Deonte Friesen,Microsoft 365 E5
2023-10-27,trent_botsford@groverale.onmicrosoft.com,Trent Botsford,Microsoft 365 E5
2023-10-27,sonya.nikolaus@groverale.onmicrosoft.com,Sonya Nikolaus,Microsoft 365 E5
2023-10-27,arvid.weimann@groverale.onmicrosoft.com,Arvid Weimann,Microsoft 365 E5
2023-10-27,loyce_o.hara@groverale.onmicrosoft.com,Loyce O'Hara,Microsoft 365 E5
2023-10-27,magnus.ratke@groverale.onmicrosoft.com,Magnus Ratke,Microsoft 365 E5
2023-10-27,genesis.rice@groverale.onmicrosoft.com,Genesis Rice,Microsoft 365 E5
2023-10-27,noemi_monahan@groverale.onmicrosoft.com,Noemi Monahan,Microsoft 365 E5
2023-10-27,chelsey.waters@groverale.onmicrosoft.com,Chelsey Waters,Microsoft 365 E5
2023-10-27,maynard.carroll@groverale.onmicrosoft.com,Maynard Carroll,Microsoft 365 E5
2023-10-27,virgie.skiles@groverale.onmicrosoft.com,Virgie Skiles,Microsoft 365 E5
2023-10-27,terry.jewess@groverale.onmicrosoft.com,Terry Jewess,Microsoft 365 E5
2023-10-27,viva_marquardt@groverale.onmicrosoft.com,Viva Marquardt,Microsoft 365 E5
2023-10-27,jocelyn.cronin@groverale.onmicrosoft.com,Jocelyn Cronin,Microsoft 365 E5
2023-10-27,johnpaul_wiza@groverale.onmicrosoft.com,Johnpaul Wiza,Microsoft 365 E5
2023-10-27,herminio_boyer@groverale.onmicrosoft.com,Herminio Boyer,Microsoft 365 E5
2023-10-27,juwan.kutch@groverale.onmicrosoft.com,Juwan Kutch,Microsoft 365 E5
2023-10-27,zoila.boyer@groverale.onmicrosoft.com,Zoila Boyer,Microsoft 365 E5
2023-10-27,lester.turner@groverale.onmicrosoft.com,Lester Turner,Microsoft 365 E5
2023-10-27,maxie.little@groverale.onmicrosoft.com,Maxie Little,Microsoft 365 E5
2023-10-27,nils.batz@groverale.onmicrosoft.com,Nils Batz,Microsoft 365 E5
2023-10-27,wilfrid_paucek@groverale.onmicrosoft.com,Wilfrid Paucek,Microsoft 365 E5
2023-10-27,modesta_jast@groverale.onmicrosoft.com,Modesta Jast,Microsoft 365 E5
2023-10-27,ransom.stark@groverale.onmicrosoft.com,Ransom Stark,Microsoft 365 E5
2023-10-27,barrett_schoen@groverale.onmicrosoft.com,Barrett Schoen,Microsoft 365 E5
2023-10-27,zena_bahringer@groverale.onmicrosoft.com,Zena Bahringer,Microsoft 365 E5
2023-10-27,myrtle_wilderman@groverale.onmicrosoft.com,Myrtle Wilderman,Microsoft 365 E5
2023-10-27,rosemary_cummings@groverale.onmicrosoft.com,Rosemary Cummings,Microsoft 365 E5
2023-10-27,vivienne_ruecker@groverale.onmicrosoft.com,Vivienne Ruecker,Microsoft 365 E5
2023-10-27,norwood.nikolaus@groverale.onmicrosoft.com,Norwood Nikolaus,Microsoft 365 E5
2023-10-27,norma.block@groverale.onmicrosoft.com,Norma Block,Microsoft 365 E5
2023-10-27,dave.schiller@groverale.onmicrosoft.com,Dave Schiller,Microsoft 365 E5
2023-10-27,tara.veum@groverale.onmicrosoft.com,Tara Veum,Microsoft 365 E5
2023-10-27,armani.brekke@groverale.onmicrosoft.com,Armani Brekke,Microsoft 365 E5
2023-10-27,randal.rogahn@groverale.onmicrosoft.com,Randal Rogahn,Microsoft 365 E5
2023-10-27,ryan.treutel@groverale.onmicrosoft.com,Ryan Treutel,Microsoft 365 E5
2023-10-27,karl.zieme@groverale.onmicrosoft.com,Karl Zieme,Microsoft 365 E5
2023-10-27,hillard_wunsch@groverale.onmicrosoft.com,Hillard Wunsch,Microsoft 365 E5
2023-10-27,gabriel_reilly@groverale.onmicrosoft.com,Gabriel Reilly,Microsoft 365 E5
2023-10-27,mazie.stoltenberg@groverale.onmicrosoft.com,Mazie Stoltenberg,Microsoft 365 E5
2023-10-27,erling.greenholt@groverale.onmicrosoft.com,Erling Greenholt,Microsoft 365 E5
2023-10-27,jakob.powlowski@groverale.onmicrosoft.com,Jakob Powlowski,Microsoft 365 E5
2023-10-27,heather_gleichner@groverale.onmicrosoft.com,Heather Gleichner,Microsoft 365 E5
2023-10-27,kelvin_wintheiser@groverale.onmicrosoft.com,Kelvin Wintheiser,Microsoft 365 E5
2023-10-27,ford_gutkowski@groverale.onmicrosoft.com,Ford Gutkowski,Microsoft 365 E5
2023-10-27,maryjane.quigley@groverale.onmicrosoft.com,Maryjane Quigley,Microsoft 365 E5
2023-10-27,leann.wisoky@groverale.onmicrosoft.com,Leann Wisoky,Microsoft 365 E5
2023-10-27,john_bartoletti@groverale.onmicrosoft.com,John Bartoletti,Microsoft 365 E5
2023-10-27,emanuel_heidenreich@groverale.onmicrosoft.com,Emanuel Heidenreich,Microsoft 365 E5
2023-10-27,jermey.gislason@groverale.onmicrosoft.com,Jermey Gislason,Microsoft 365 E5
2023-10-27,dianna_marquardt@groverale.onmicrosoft.com,Dianna Marquardt,Microsoft 365 E5
2023-10-27,charity_simonis@groverale.onmicrosoft.com,Charity Simonis,Microsoft 365 E5
2023-10-27,green.jenkins@groverale.onmicrosoft.com,Green Jenkins,Microsoft 365 E5
2023-10-27,kianna.tromp@groverale.onmicrosoft.com,Kianna Tromp,Microsoft 365 E5
2023-10-27,fermin.kirlin@groverale.onmicrosoft.com,Fermin Kirlin,Microsoft 365 E5
2023-10-27,clair.pfannerstill@groverale.onmicrosoft.com,Clair Pfannerstill,Microsoft 365 E5
2023-10-27,providenci_blanda@groverale.onmicrosoft.com,Providenci Blanda,Microsoft 365 E5
2023-10-27,janessa_bayer@groverale.onmicrosoft.com,Janessa Bayer,Microsoft 365 E5
2023-10-27,cory.sporer@groverale.onmicrosoft.com,Cory Sporer,Microsoft 365 E5
2023-10-27,camden.barton@groverale.onmicrosoft.com,Camden Barton,Microsoft 365 E5
2023-10-27,quinton.heller@groverale.onmicrosoft.com,Quinton Heller,Microsoft 365 E5
2023-10-27,napoleon.robel@groverale.onmicrosoft.com,Napoleon Robel,Microsoft 365 E5
2023-10-27,estel_mills@groverale.onmicrosoft.com,Estel Mills,Microsoft 365 E5
2023-10-27,greg_towne@groverale.onmicrosoft.com,Greg Towne,Microsoft 365 E5
2023-10-27,horacio.runte@groverale.onmicrosoft.com,Horacio Runte,Microsoft 365 E5
2023-10-27,eldon_jewess@groverale.onmicrosoft.com,Eldon Jewess,Microsoft 365 E5
2023-10-27,mariela.jacobi@groverale.onmicrosoft.com,Mariela Jacobi,Microsoft 365 E5
2023-10-27,keaton_fadel@groverale.onmicrosoft.com,Keaton Fadel,Microsoft 365 E5
2023-10-27,dameon.olson@groverale.onmicrosoft.com,Dameon Olson,Microsoft 365 E5
2023-10-27,dorothy_wisoky@groverale.onmicrosoft.com,Dorothy Wisoky,Microsoft 365 E5
2023-10-27,audreanne.langworth@groverale.onmicrosoft.com,Audreanne Langworth,Microsoft 365 E5
2023-10-27,kareem.feest@groverale.onmicrosoft.com,Kareem Feest,Microsoft 365 E5
2023-10-27,marcia.willms@groverale.onmicrosoft.com,Marcia Willms,Microsoft 365 E5
2023-10-27,richard_abbott@groverale.onmicrosoft.com,Richard Abbott,Microsoft 365 E5
2023-10-27,deron_davis@groverale.onmicrosoft.com,Deron Davis,Microsoft 365 E5
2023-10-27,cornell_ledner@groverale.onmicrosoft.com,Cornell Ledner,Microsoft 365 E5
2023-10-27,lamar.rau@groverale.onmicrosoft.com,Lamar Rau,Microsoft 365 E5
2023-10-27,dominique.rodriguez@groverale.onmicrosoft.com,Dominique Rodriguez,Microsoft 365 E5
2023-10-27,skyla_erdman@groverale.onmicrosoft.com,Skyla Erdman,Microsoft 365 E5
2023-10-27,vicky_koss@groverale.onmicrosoft.com,Vicky Koss,Microsoft 365 E5
2023-10-27,donnie_jacobson@groverale.onmicrosoft.com,Donnie Jacobson,Microsoft 365 E5
2023-10-27,lon.pouros@groverale.onmicrosoft.com,Lon Pouros,Microsoft 365 E5
2023-10-27,hattie_towne@groverale.onmicrosoft.com,Hattie Towne,Microsoft 365 E5
2023-10-27,meghan.armstrong@groverale.onmicrosoft.com,Meghan Armstrong,Microsoft 365 E5
2023-10-27,general.wiegand@groverale.onmicrosoft.com,General Wiegand,Microsoft 365 E5
2023-10-27,norberto_o.hara@groverale.onmicrosoft.com,Norberto O'Hara,Microsoft 365 E5
2023-10-27,angie.terry@groverale.onmicrosoft.com,Angie Terry,Microsoft 365 E5
2023-10-27,maryjane_hyatt@groverale.onmicrosoft.com,Maryjane Hyatt,Microsoft 365 E5
2023-10-27,destinee.gleichner@groverale.onmicrosoft.com,Destinee Gleichner,Microsoft 365 E5
2023-10-27,marlene.rolfson@groverale.onmicrosoft.com,Marlene Rolfson,Microsoft 365 E5
2023-10-27,nayeli.russel@groverale.onmicrosoft.com,Nayeli Russel,Microsoft 365 E5
2023-10-27,elna.langosh@groverale.onmicrosoft.com,Elna Langosh,Microsoft 365 E5
2023-10-27,jerrell_gibson@groverale.onmicrosoft.com,Jerrell Gibson,Microsoft 365 E5
2023-10-27,ethyl_mayert@groverale.onmicrosoft.com,Ethyl Mayert,Microsoft 365 E5
2023-10-27,kobe.renner@groverale.onmicrosoft.com,Kobe Renner,Microsoft 365 E5
2023-10-27,jonathon_cruickshank@groverale.onmicrosoft.com,Jonathon Cruickshank,Microsoft 365 E5
2023-10-27,ward_wolf@groverale.onmicrosoft.com,Ward Wolf,Microsoft 365 E5
2023-10-27,jakob.romaguera@groverale.onmicrosoft.com,Jakob Romaguera,Microsoft 365 E5
2023-10-27,myrtice_crist@groverale.onmicrosoft.com,Myrtice Crist,Microsoft 365 E5
2023-10-27,marquis_romaguera@groverale.onmicrosoft.com,Marquis Romaguera,Microsoft 365 E5
2023-10-27,lorenzo_conroy@groverale.onmicrosoft.com,Lorenzo Conroy,Microsoft 365 E5
2023-10-27,terry_heidenreich@groverale.onmicrosoft.com,Terry Heidenreich,Microsoft 365 E5
2023-10-27,kariane_goodwin@groverale.onmicrosoft.com,Kariane Goodwin,Microsoft 365 E5
2023-10-27,brain_brekke@groverale.onmicrosoft.com,Brain Brekke,Microsoft 365 E5
2023-10-27,emerald.windler@groverale.onmicrosoft.com,Emerald Windler,Microsoft 365 E5
2023-10-27,tanner.heller@groverale.onmicrosoft.com,Tanner Heller,Microsoft 365 E5
2023-10-27,margaret.raynor@groverale.onmicrosoft.com,Margaret Raynor,Microsoft 365 E5
2023-10-27,tom_luettgen@groverale.onmicrosoft.com,Tom Luettgen,Microsoft 365 E5
2023-10-27,jade_farrell@groverale.onmicrosoft.com,Jade Farrell,Microsoft 365 E5
2023-10-27,desmond_haag@groverale.onmicrosoft.com,Desmond Haag,Microsoft 365 E5
2023-10-27,emanuel_steuber@groverale.onmicrosoft.com,Emanuel Steuber,Microsoft 365 E5
2023-10-27,teagan.purdy@groverale.onmicrosoft.com,Teagan Purdy,Microsoft 365 E5
2023-10-27,rashad_blanda@groverale.onmicrosoft.com,Rashad Blanda,Microsoft 365 E5
2023-10-27,morris.heidenreich@groverale.onmicrosoft.com,Morris Heidenreich,Microsoft 365 E5
2023-10-27,alvera_boehm@groverale.onmicrosoft.com,Alvera Boehm,Microsoft 365 E5
2023-10-27,chyna.wehner@groverale.onmicrosoft.com,Chyna Wehner,Microsoft 365 E5
2023-10-27,kennedi.grady@groverale.onmicrosoft.com,Kennedi Grady,Microsoft 365 E5
2023-10-27,helen_marks@groverale.onmicrosoft.com,Helen Marks,Microsoft 365 E5
2023-10-27,kayleigh_stehr@groverale.onmicrosoft.com,Kayleigh Stehr,Microsoft 365 E5
2023-10-27,ciara.greenholt@groverale.onmicrosoft.com,Ciara Greenholt,Microsoft 365 E5
2023-10-27,gerry_huel@groverale.onmicrosoft.com,Gerry Huel,Microsoft 365 E5
2023-10-27,ahmed.donnelly@groverale.onmicrosoft.com,Ahmed Donnelly,Microsoft 365 E5
2023-10-27,ruth_metz@groverale.onmicrosoft.com,Ruth Metz,Microsoft 365 E5
2023-10-27,jewel_upton@groverale.onmicrosoft.com,Jewel Upton,Microsoft 365 E5
2023-10-27,xavier_mclaughlin@groverale.onmicrosoft.com,Xavier McLaughlin,Microsoft 365 E5
2023-10-27,howard.stracke@groverale.onmicrosoft.com,Howard Stracke,Microsoft 365 E5
2023-10-27,sophia.rodriguez@groverale.onmicrosoft.com,Sophia Rodriguez,Microsoft 365 E5
2023-10-27,domenico.kovacek@groverale.onmicrosoft.com,Domenico Kovacek,Microsoft 365 E5
2023-10-27,sandrine_green@groverale.onmicrosoft.com,Sandrine Green,Microsoft 365 E5
2023-10-27,christa_botsford@groverale.onmicrosoft.com,Christa Botsford,Microsoft 365 E5
2023-10-27,lavina.trantow@groverale.onmicrosoft.com,Lavina Trantow,Microsoft 365 E5
2023-10-27,vito.davis@groverale.onmicrosoft.com,Vito Davis,Microsoft 365 E5
2023-10-27,diana_hermiston@groverale.onmicrosoft.com,Diana Hermiston,Microsoft 365 E5
2023-10-27,rafael_bins@groverale.onmicrosoft.com,Rafael Bins,Microsoft 365 E5
2023-10-27,francesco_heidenreich@groverale.onmicrosoft.com,Francesco Heidenreich,Microsoft 365 E5
2023-10-27,manley.schimmel@groverale.onmicrosoft.com,Manley Schimmel,Microsoft 365 E5
2023-10-27,bartholome.maggio@groverale.onmicrosoft.com,Bartholome Maggio,Microsoft 365 E5
2023-10-27,trycia.schowalter@groverale.onmicrosoft.com,Trycia Schowalter,Microsoft 365 E5
2023-10-27,flossie.lehner@groverale.onmicrosoft.com,Flossie Lehner,Microsoft 365 E5
2023-10-27,kelley.o_conner@groverale.onmicrosoft.com,Kelley O'Conner,Microsoft 365 E5
2023-10-27,wade_upton@groverale.onmicrosoft.com,Wade Upton,Microsoft 365 E5
2023-10-27,verner.marks@groverale.onmicrosoft.com,Verner Marks,Microsoft 365 E5
2023-10-27,grady_labadie@groverale.onmicrosoft.com,Grady Labadie,Microsoft 365 E5
2023-10-27,gabriella_effertz@groverale.onmicrosoft.com,Gabriella Effertz,Microsoft 365 E5
2023-10-27,enos.reynolds@groverale.onmicrosoft.com,Enos Reynolds,Microsoft 365 E5
2023-10-27,franco_aufderhar@groverale.onmicrosoft.com,Franco Aufderhar,Microsoft 365 E5
2023-10-27,jammie.kozey@groverale.onmicrosoft.com,Jammie Kozey,Microsoft 365 E5
2023-10-27,annabelle_kerluke@groverale.onmicrosoft.com,Annabelle Kerluke,Microsoft 365 E5
2023-10-27,sylvia.bartoletti@groverale.onmicrosoft.com,Sylvia Bartoletti,Microsoft 365 E5
2023-10-27,bridget_ryan@groverale.onmicrosoft.com,Bridget Ryan,Microsoft 365 E5
2023-10-27,nyasia.herzog@groverale.onmicrosoft.com,Nyasia Herzog,Microsoft 365 E5
2023-10-27,phoebe_brakus@groverale.onmicrosoft.com,Phoebe Brakus,Microsoft 365 E5
2023-10-27,fredy.mante@groverale.onmicrosoft.com,Fredy Mante,Microsoft 365 E5
2023-10-27,jessica.ziemann@groverale.onmicrosoft.com,Jessica Ziemann,Microsoft 365 E5
2023-10-27,kira.goyette@groverale.onmicrosoft.com,Kira Goyette,Microsoft 365 E5
2023-10-27,raina_mohr@groverale.onmicrosoft.com,Raina Mohr,Microsoft 365 E5
2023-10-27,carolanne_considine@groverale.onmicrosoft.com,Carolanne Considine,Microsoft 365 E5
2023-10-27,tatyana.marquardt@groverale.onmicrosoft.com,Tatyana Marquardt,Microsoft 365 E5
2023-10-27,demarco_ziemann@groverale.onmicrosoft.com,Demarco Ziemann,Microsoft 365 E5
2023-10-27,cayla_graham@groverale.onmicrosoft.com,Cayla Graham,Microsoft 365 E5
2023-10-27,cynthia.gerhold@groverale.onmicrosoft.com,Cynthia Gerhold,Microsoft 365 E5
2023-10-27,hanna_hackett@groverale.onmicrosoft.com,Hanna Hackett,Microsoft 365 E5
2023-10-27,nova_rolfson@groverale.onmicrosoft.com,Nova Rolfson,Microsoft 365 E5
2023-10-27,johnpaul_daniel@groverale.onmicrosoft.com,Johnpaul Daniel,Microsoft 365 E5
2023-10-27,annalise_feeney@groverale.onmicrosoft.com,Annalise Feeney,Microsoft 365 E5
2023-10-27,everette_quitzon@groverale.onmicrosoft.com,Everette Quitzon,Microsoft 365 E5
2023-10-27,heath.schaden@groverale.onmicrosoft.com,Heath Schaden,Microsoft 365 E5
2023-10-27,lorenza.schumm@groverale.onmicrosoft.com,Lorenza Schumm,Microsoft 365 E5
2023-10-27,arielle_simonis@groverale.onmicrosoft.com,Arielle Simonis,Microsoft 365 E5
2023-10-27,shayne.harris@groverale.onmicrosoft.com,Shayne Harris,Microsoft 365 E5
2023-10-27,alan.wolff@groverale.onmicrosoft.com,Alan Wolff,Microsoft 365 E5
2023-10-27,vilma.doyle@groverale.onmicrosoft.com,Vilma Doyle,Microsoft 365 E5
2023-10-27,jacques_kautzer@groverale.onmicrosoft.com,Jacques Kautzer,Microsoft 365 E5
2023-10-27,christopher_weissnat@groverale.onmicrosoft.com,Christopher Weissnat,Microsoft 365 E5
2023-10-27,alessandra_feil@groverale.onmicrosoft.com,Alessandra Feil,Microsoft 365 E5
2023-10-27,madaline_jacobs@groverale.onmicrosoft.com,Madaline Jacobs,Microsoft 365 E5
2023-10-27,daniela.halvorson@groverale.onmicrosoft.com,Daniela Halvorson,Microsoft 365 E5
2023-10-27,greg_veum@groverale.onmicrosoft.com,Greg Veum,Microsoft 365 E5
2023-10-27,ardella_dibbert@groverale.onmicrosoft.com,Ardella Dibbert,Microsoft 365 E5
2023-10-27,sarina.spinka@groverale.onmicrosoft.com,Sarina Spinka,Microsoft 365 E5
2023-10-27,haskell.abshire@groverale.onmicrosoft.com,Haskell Abshire,Microsoft 365 E5
2023-10-27,chase.legros@groverale.onmicrosoft.com,Chase Legros,Microsoft 365 E5
2023-10-27,theresia_kihn@groverale.onmicrosoft.com,Theresia Kihn,Microsoft 365 E5
2023-10-27,queenie.muller@groverale.onmicrosoft.com,Queenie Muller,Microsoft 365 E5
2023-10-27,johnnie.friesen@groverale.onmicrosoft.com,Johnnie Friesen,Microsoft 365 E5
2023-10-27,barton.mills@groverale.onmicrosoft.com,Barton Mills,Microsoft 365 E5
2023-10-27,ramiro.jacobi@groverale.onmicrosoft.com,Ramiro Jacobi,Microsoft 365 E5
2023-10-27,jewell_kshlerin@groverale.onmicrosoft.com,Jewell Kshlerin,Microsoft 365 E5
2023-10-27,ricardo.dach@groverale.onmicrosoft.com,Ricardo Dach,Microsoft 365 E5
2023-10-27,beth_roberts@groverale.onmicrosoft.com,Beth Roberts,Microsoft 365 E5
2023-10-27,brooks.stamm@groverale.onmicrosoft.com,Brooks Stamm,Microsoft 365 E5
2023-10-27,lourdes_schmidt@groverale.onmicrosoft.com,Lourdes Schmidt,Microsoft 365 E5
2023-10-27,chaya.thiel@groverale.onmicrosoft.com,Chaya Thiel,Microsoft 365 E5
2023-10-27,brooke.willms@groverale.onmicrosoft.com,Brooke Willms,Microsoft 365 E5
2023-10-27,crystel.schoen@groverale.onmicrosoft.com,Crystel Schoen,Microsoft 365 E5
2023-10-27,nella.white@groverale.onmicrosoft.com,Nella White,Microsoft 365 E5
2023-10-27,milo.medhurst@groverale.onmicrosoft.com,Milo Medhurst,Microsoft 365 E5
2023-10-27,darryl.abbott@groverale.onmicrosoft.com,Darryl Abbott,Microsoft 365 E5
2023-10-27,eldon.marquardt@groverale.onmicrosoft.com,Eldon Marquardt,Microsoft 365 E5
2023-10-27,matilde.schmitt@groverale.onmicrosoft.com,Matilde Schmitt,Microsoft 365 E5
2023-10-27,elwin_considine@groverale.onmicrosoft.com,Elwin Considine,Microsoft 365 E5
2023-10-27,frederic.grant@groverale.onmicrosoft.com,Frederic Grant,Microsoft 365 E5
2023-10-27,dimitri_rath@groverale.onmicrosoft.com,Dimitri Rath,Microsoft 365 E5
2023-10-27,margarett_franecki@groverale.onmicrosoft.com,Margarett Franecki,Microsoft 365 E5
2023-10-27,easter_upton@groverale.onmicrosoft.com,Easter Upton,Microsoft 365 E5
2023-10-27,nikki_beatty@groverale.onmicrosoft.com,Nikki Beatty,Microsoft 365 E5
2023-10-27,mireya.green@groverale.onmicrosoft.com,Mireya Green,Microsoft 365 E5
2023-10-27,annabell_jewess@groverale.onmicrosoft.com,Annabell Jewess,Microsoft 365 E5
2023-10-27,karelle_kuphal@groverale.onmicrosoft.com,Karelle Kuphal,Microsoft 365 E5
2023-10-27,claudie.gutkowski@groverale.onmicrosoft.com,Claudie Gutkowski,Microsoft 365 E5
2023-10-27,liliana_leannon@groverale.onmicrosoft.com,Liliana Leannon,Microsoft 365 E5
2023-10-27,jordyn.ruecker@groverale.onmicrosoft.com,Jordyn Ruecker,Microsoft 365 E5
2023-10-27,lon.nienow@groverale.onmicrosoft.com,Lon Nienow,Microsoft 365 E5
2023-10-27,carlo.medhurst@groverale.onmicrosoft.com,Carlo Medhurst,Microsoft 365 E5
2023-10-27,aniyah_waters@groverale.onmicrosoft.com,Aniyah Waters,Microsoft 365 E5
2023-10-27,aida.hamill@groverale.onmicrosoft.com,Aida Hamill,Microsoft 365 E5
2023-10-27,eva_mueller@groverale.onmicrosoft.com,Eva Mueller,Microsoft 365 E5
2023-10-27,verna_cremin@groverale.onmicrosoft.com,Verna Cremin,Microsoft 365 E5
2023-10-27,kaylie.dietrich@groverale.onmicrosoft.com,Kaylie Dietrich,Microsoft 365 E5
2023-10-27,robbie.blanda@groverale.onmicrosoft.com,Robbie Blanda,Microsoft 365 E5
2023-10-27,bethany_schowalter@groverale.onmicrosoft.com,Bethany Schowalter,Microsoft 365 E5
2023-10-27,estell.murazik@groverale.onmicrosoft.com,Estell Murazik,Microsoft 365 E5
2023-10-27,gerard_fisher@groverale.onmicrosoft.com,Gerard Fisher,Microsoft 365 E5
2023-10-27,austyn.dibbert@groverale.onmicrosoft.com,Austyn Dibbert,Microsoft 365 E5
2023-10-27,evalyn.anderson@groverale.onmicrosoft.com,Evalyn Anderson,Microsoft 365 E5
2023-10-27,erich_wisoky@groverale.onmicrosoft.com,Erich Wisoky,Microsoft 365 E5
2023-10-27,vidal_gusikowski@groverale.onmicrosoft.com,Vidal Gusikowski,Microsoft 365 E5
2023-10-27,hubert_kuvalis@groverale.onmicrosoft.com,Hubert Kuvalis,Microsoft 365 E5
2023-10-27,krista.koelpin@groverale.onmicrosoft.com,Krista Koelpin,Microsoft 365 E5
2023-10-27,toni_wiza@groverale.onmicrosoft.com,Toni Wiza,Microsoft 365 E5
2023-10-27,samson.lowe@groverale.onmicrosoft.com,Samson Lowe,Microsoft 365 E5
2023-10-27,augustine.jones@groverale.onmicrosoft.com,Augustine Jones,Microsoft 365 E5
2023-10-27,curt.donnelly@groverale.onmicrosoft.com,Curt Donnelly,Microsoft 365 E5
2023-10-27,rubie_rodriguez@groverale.onmicrosoft.com,Rubie Rodriguez,Microsoft 365 E5
2023-10-27,estefania_cummerata@groverale.onmicrosoft.com,Estefania Cummerata,Microsoft 365 E5
2023-10-27,andreane.romaguera@groverale.onmicrosoft.com,Andreane Romaguera,Microsoft 365 E5
2023-10-27,cyril.cartwright@groverale.onmicrosoft.com,Cyril Cartwright,Microsoft 365 E5
2023-10-27,corine_krajcik@groverale.onmicrosoft.com,Corine Krajcik,Microsoft 365 E5
2023-10-27,jules_dicki@groverale.onmicrosoft.com,Jules Dicki,Microsoft 365 E5
2023-10-27,wilmer.hane@groverale.onmicrosoft.com,Wilmer Hane,Microsoft 365 E5
2023-10-27,francis_kozey@groverale.onmicrosoft.com,Francis Kozey,Microsoft 365 E5
2023-10-27,myrtie_ferry@groverale.onmicrosoft.com,Myrtie Ferry,Microsoft 365 E5
2023-10-27,keeley_balistreri@groverale.onmicrosoft.com,Keeley Balistreri,Microsoft 365 E5
2023-10-27,christelle_olson@groverale.onmicrosoft.com,Christelle Olson,Microsoft 365 E5
2023-10-27,cynthia.gulgowski@groverale.onmicrosoft.com,Cynthia Gulgowski,Microsoft 365 E5
2023-10-27,mae.goldner@groverale.onmicrosoft.com,Mae Goldner,Microsoft 365 E5
2023-10-27,mekhi.mclaughlin@groverale.onmicrosoft.com,Mekhi McLaughlin,Microsoft 365 E5
2023-10-27,mara.buckridge@groverale.onmicrosoft.com,Mara Buckridge,Microsoft 365 E5
2023-10-27,alvah_yundt@groverale.onmicrosoft.com,Alvah Yundt,Microsoft 365 E5
2023-10-27,samara.botsford@groverale.onmicrosoft.com,Samara Botsford,Microsoft 365 E5
2023-10-27,glen.koelpin@groverale.onmicrosoft.com,Glen Koelpin,Microsoft 365 E5
2023-10-27,gus_dooley@groverale.onmicrosoft.com,Gus Dooley,Microsoft 365 E5
2023-10-27,velva_little@groverale.onmicrosoft.com,Velva Little,Microsoft 365 E5
2023-10-27,maxine_larkin@groverale.onmicrosoft.com,Maxine Larkin,Microsoft 365 E5
2023-10-27,madelynn_frami@groverale.onmicrosoft.com,Madelynn Frami,Microsoft 365 E5
2023-10-27,laverne.ferry@groverale.onmicrosoft.com,Laverne Ferry,Microsoft 365 E5
2023-10-27,chaz.rohan@groverale.onmicrosoft.com,Chaz Rohan,Microsoft 365 E5
2023-10-27,terence_wintheiser@groverale.onmicrosoft.com,Terence Wintheiser,Microsoft 365 E5
2023-10-27,fritz.mccullough@groverale.onmicrosoft.com,Fritz McCullough,Microsoft 365 E5
2023-10-27,lavina.hyatt@groverale.onmicrosoft.com,Lavina Hyatt,Microsoft 365 E5
2023-10-27,wallace_grady@groverale.onmicrosoft.com,Wallace Grady,Microsoft 365 E5
2023-10-27,sedrick.cartwright@groverale.onmicrosoft.com,Sedrick Cartwright,Microsoft 365 E5
2023-10-27,casper_hickle@groverale.onmicrosoft.com,Casper Hickle,Microsoft 365 E5
2023-10-27,moshe.kub@groverale.onmicrosoft.com,Moshe Kub,Microsoft 365 E5
2023-10-27,brennan.willms@groverale.onmicrosoft.com,Brennan Willms,Microsoft 365 E5
2023-10-27,bartholome_cruickshank@groverale.onmicrosoft.com,Bartholome Cruickshank,Microsoft 365 E5
2023-10-27,douglas_dibbert@groverale.onmicrosoft.com,Douglas Dibbert,Microsoft 365 E5
2023-10-27,tyreek_o.conner@groverale.onmicrosoft.com,Tyreek O'Conner,Microsoft 365 E5
2023-10-27,helga.jakubowski@groverale.onmicrosoft.com,Helga Jakubowski,Microsoft 365 E5
2023-10-27,nola_tillman@groverale.onmicrosoft.com,Nola Tillman,Microsoft 365 E5
2023-10-27,annalise_weimann@groverale.onmicrosoft.com,Annalise Weimann,Microsoft 365 E5
2023-10-27,icie_kuhn@groverale.onmicrosoft.com,Icie Kuhn,Microsoft 365 E5
2023-10-27,gilbert.kulas@groverale.onmicrosoft.com,Gilbert Kulas,Microsoft 365 E5
2023-10-27,gretchen.kris@groverale.onmicrosoft.com,Gretchen Kris,Microsoft 365 E5
2023-10-27,reinhold_murazik@groverale.onmicrosoft.com,Reinhold Murazik,Microsoft 365 E5
2023-10-27,eula.wolff@groverale.onmicrosoft.com,Eula Wolff,Microsoft 365 E5
2023-10-27,queen.osinski@groverale.onmicrosoft.com,Queen Osinski,Microsoft 365 E5
2023-10-27,abby.kihn@groverale.onmicrosoft.com,Abby Kihn,Microsoft 365 E5
2023-10-27,roderick_labadie@groverale.onmicrosoft.com,Roderick Labadie,Microsoft 365 E5
2023-10-27,torrance_kris@groverale.onmicrosoft.com,Torrance Kris,Microsoft 365 E5
2023-10-27,casimir_koch@groverale.onmicrosoft.com,Casimir Koch,Microsoft 365 E5
2023-10-27,harold_johnston@groverale.onmicrosoft.com,Harold Johnston,Microsoft 365 E5
2023-10-27,betsy_bahringer@groverale.onmicrosoft.com,Betsy Bahringer,Microsoft 365 E5
2023-10-27,roberta.torp@groverale.onmicrosoft.com,Roberta Torp,Microsoft 365 E5
2023-10-27,nathanael.bailey@groverale.onmicrosoft.com,Nathanael Bailey,Microsoft 365 E5
2023-10-27,brandy.anderson@groverale.onmicrosoft.com,Brandy Anderson,Microsoft 365 E5
2023-10-27,jovani.mills@groverale.onmicrosoft.com,Jovani Mills,Microsoft 365 E5
2023-10-27,verlie_treutel@groverale.onmicrosoft.com,Verlie Treutel,Microsoft 365 E5
2023-10-27,alexandria.volkman@groverale.onmicrosoft.com,Alexandria Volkman,Microsoft 365 E5
2023-10-27,hermann.walsh@groverale.onmicrosoft.com,Hermann Walsh,Microsoft 365 E5
2023-10-27,kaela.daniel@groverale.onmicrosoft.com,Kaela Daniel,Microsoft 365 E5
2023-10-27,ora.paucek@groverale.onmicrosoft.com,Ora Paucek,Microsoft 365 E5
2023-10-27,okey.donnelly@groverale.onmicrosoft.com,Okey Donnelly,Microsoft 365 E5
2023-10-27,fannie_luettgen@groverale.onmicrosoft.com,Fannie Luettgen,Microsoft 365 E5
2023-10-27,isai.mante@groverale.onmicrosoft.com,Isai Mante,Microsoft 365 E5
2023-10-27,manley.beahan@groverale.onmicrosoft.com,Manley Beahan,Microsoft 365 E5
2023-10-27,maynard_hayes@groverale.onmicrosoft.com,Maynard Hayes,Microsoft 365 E5
2023-10-27,jaime.schulist@groverale.onmicrosoft.com,Jaime Schulist,Microsoft 365 E5
2023-10-27,paxton.balistreri@groverale.onmicrosoft.com,Paxton Balistreri,Microsoft 365 E5
2023-10-27,leonor.schmidt@groverale.onmicrosoft.com,Leonor Schmidt,Microsoft 365 E5
2023-10-27,vladimir_considine@groverale.onmicrosoft.com,Vladimir Considine,Microsoft 365 E5
2023-10-27,garland.kunze@groverale.onmicrosoft.com,Garland Kunze,Microsoft 365 E5
2023-10-27,foster.crooks@groverale.onmicrosoft.com,Foster Crooks,Microsoft 365 E5
2023-10-27,rebekah_turcotte@groverale.onmicrosoft.com,Rebekah Turcotte,Microsoft 365 E5
2023-10-27,mac.hayes@groverale.onmicrosoft.com,Mac Hayes,Microsoft 365 E5
2023-10-27,dylan_larkin@groverale.onmicrosoft.com,Dylan Larkin,Microsoft 365 E5
2023-10-27,harley.hagenes@groverale.onmicrosoft.com,Harley Hagenes,Microsoft 365 E5
2023-10-27,sierra_kilback@groverale.onmicrosoft.com,Sierra Kilback,Microsoft 365 E5
2023-10-27,tom_skiles@groverale.onmicrosoft.com,Tom Skiles,Microsoft 365 E5
2023-10-27,lourdes.zboncak@groverale.onmicrosoft.com,Lourdes Zboncak,Microsoft 365 E5
2023-10-27,kelli.kuphal@groverale.onmicrosoft.com,Kelli Kuphal,Microsoft 365 E5
2023-10-27,leonard.herzog@groverale.onmicrosoft.com,Leonard Herzog,Microsoft 365 E5
2023-10-27,alta_moore@groverale.onmicrosoft.com,Alta Moore,Microsoft 365 E5
2023-10-27,mathias.skiles@groverale.onmicrosoft.com,Mathias Skiles,Microsoft 365 E5
2023-10-27,hilbert.kirlin@groverale.onmicrosoft.com,Hilbert Kirlin,Microsoft 365 E5
2023-10-27,deontae_kling@groverale.onmicrosoft.com,Deontae Kling,Microsoft 365 E5
2023-10-27,roslyn.ziemann@groverale.onmicrosoft.com,Roslyn Ziemann,Microsoft 365 E5
2023-10-27,rebecca_harber@groverale.onmicrosoft.com,Rebecca Harber,Microsoft 365 E5
2023-10-27,nina_west@groverale.onmicrosoft.com,Nina West,Microsoft 365 E5
2023-10-27,jazmin.schuppe@groverale.onmicrosoft.com,Jazmin Schuppe,Microsoft 365 E5
2023-10-27,jedediah_frami@groverale.onmicrosoft.com,Jedediah Frami,Microsoft 365 E5
2023-10-27,colt_mitchell@groverale.onmicrosoft.com,Colt Mitchell,Microsoft 365 E5
2023-10-27,hadley.ritchie@groverale.onmicrosoft.com,Hadley Ritchie,Microsoft 365 E5
2023-10-27,krystel.fisher@groverale.onmicrosoft.com,Krystel Fisher,Microsoft 365 E5
2023-10-27,josiah_hackett@groverale.onmicrosoft.com,Josiah Hackett,Microsoft 365 E5
2023-10-27,ephraim.gaylord@groverale.onmicrosoft.com,Ephraim Gaylord,Microsoft 365 E5
2023-10-27,christa.kutch@groverale.onmicrosoft.com,Christa Kutch,Microsoft 365 E5
2023-10-27,alison_schuster@groverale.onmicrosoft.com,Alison Schuster,Microsoft 365 E5
2023-10-27,keon_lubowitz@groverale.onmicrosoft.com,Keon Lubowitz,Microsoft 365 E5
2023-10-27,willard_watsica@groverale.onmicrosoft.com,Willard Watsica,Microsoft 365 E5
2023-10-27,casey_thiel@groverale.onmicrosoft.com,Casey Thiel,Microsoft 365 E5
2023-10-27,briana.nolan@groverale.onmicrosoft.com,Briana Nolan,Microsoft 365 E5
2023-10-27,ewald_sipes@groverale.onmicrosoft.com,Ewald Sipes,Microsoft 365 E5
2023-10-27,adriel.cormier@groverale.onmicrosoft.com,Adriel Cormier,Microsoft 365 E5
2023-10-27,tamia.wiegand@groverale.onmicrosoft.com,Tamia Wiegand,Microsoft 365 E5
2023-10-27,charity.kihn@groverale.onmicrosoft.com,Charity Kihn,Microsoft 365 E5
2023-10-27,jordi_frami@groverale.onmicrosoft.com,Jordi Frami,Microsoft 365 E5
2023-10-27,domenica.ward@groverale.onmicrosoft.com,Domenica Ward,Microsoft 365 E5
2023-10-27,tiara.ratke@groverale.onmicrosoft.com,Tiara Ratke,Microsoft 365 E5
2023-10-27,carleton_hamill@groverale.onmicrosoft.com,Carleton Hamill,Microsoft 365 E5
2023-10-27,alene_cole@groverale.onmicrosoft.com,Alene Cole,Microsoft 365 E5
2023-10-27,kendrick.herzog@groverale.onmicrosoft.com,Kendrick Herzog,Microsoft 365 E5
2023-10-27,eunice_o.hara@groverale.onmicrosoft.com,Eunice O'Hara,Microsoft 365 E5
2023-10-27,kaylee.waters@groverale.onmicrosoft.com,Kaylee Waters,Microsoft 365 E5
2023-10-27,rylee.toy@groverale.onmicrosoft.com,Rylee Toy,Microsoft 365 E5
2023-10-27,blaise_gulgowski@groverale.onmicrosoft.com,Blaise Gulgowski,Microsoft 365 E5
2023-10-27,thora.ziemann@groverale.onmicrosoft.com,Thora Ziemann,Microsoft 365 E5
2023-10-27,salma_feil@groverale.onmicrosoft.com,Salma Feil,Microsoft 365 E5
2023-10-27,chauncey_lowe@groverale.onmicrosoft.com,Chauncey Lowe,Microsoft 365 E5
2023-10-27,eddie.lindgren@groverale.onmicrosoft.com,Eddie Lindgren,Microsoft 365 E5
2023-10-27,kale.bernhard@groverale.onmicrosoft.com,Kale Bernhard,Microsoft 365 E5
2023-10-27,kraig.erdman@groverale.onmicrosoft.com,Kraig Erdman,Microsoft 365 E5
2023-10-27,micah_kling@groverale.onmicrosoft.com,Micah Kling,Microsoft 365 E5
2023-10-27,mallory_hoppe@groverale.onmicrosoft.com,Mallory Hoppe,Microsoft 365 E5
2023-10-27,mitchell.douglas@groverale.onmicrosoft.com,Mitchell Douglas,Microsoft 365 E5
2023-10-27,reyes_brekke@groverale.onmicrosoft.com,Reyes Brekke,Microsoft 365 E5
2023-10-27,guy_schowalter@groverale.onmicrosoft.com,Guy Schowalter,Microsoft 365 E5
2023-10-27,lonnie_batz@groverale.onmicrosoft.com,Lonnie Batz,Microsoft 365 E5
2023-10-27,adrien.rau@groverale.onmicrosoft.com,Adrien Rau,Microsoft 365 E5
2023-10-27,sarina.lueilwitz@groverale.onmicrosoft.com,Sarina Lueilwitz,Microsoft 365 E5
2023-10-27,mae.purdy@groverale.onmicrosoft.com,Mae Purdy,Microsoft 365 E5
2023-10-27,edison_cole@groverale.onmicrosoft.com,Edison Cole,Microsoft 365 E5
2023-10-27,amira_jacobson@groverale.onmicrosoft.com,Amira Jacobson,Microsoft 365 E5
2023-10-27,cayla.green@groverale.onmicrosoft.com,Cayla Green,Microsoft 365 E5
2023-10-27,reymundo_kemmer@groverale.onmicrosoft.com,Reymundo Kemmer,Microsoft 365 E5
2023-10-27,wilfrid_bins@groverale.onmicrosoft.com,Wilfrid Bins,Microsoft 365 E5
2023-10-27,finn.ledner@groverale.onmicrosoft.com,Finn Ledner,Microsoft 365 E5
2023-10-27,benny.champlin@groverale.onmicrosoft.com,Benny Champlin,Microsoft 365 E5
2023-10-27,meredith.block@groverale.onmicrosoft.com,Meredith Block,Microsoft 365 E5
2023-10-27,jodie.langworth@groverale.onmicrosoft.com,Jodie Langworth,Microsoft 365 E5
2023-10-27,rosemarie_bashirian@groverale.onmicrosoft.com,Rosemarie Bashirian,Microsoft 365 E5
2023-10-27,weldon_crist@groverale.onmicrosoft.com,Weldon Crist,Microsoft 365 E5
2023-10-27,major_gottlieb@groverale.onmicrosoft.com,Major Gottlieb,Microsoft 365 E5
2023-10-27,raphael.langworth@groverale.onmicrosoft.com,Raphael Langworth,Microsoft 365 E5
2023-10-27,moshe_lehner@groverale.onmicrosoft.com,Moshe Lehner,Microsoft 365 E5
2023-10-27,odie.fahey@groverale.onmicrosoft.com,Odie Fahey,Microsoft 365 E5
2023-10-27,janiya_stracke@groverale.onmicrosoft.com,Janiya Stracke,Microsoft 365 E5
2023-10-27,lauretta_turner@groverale.onmicrosoft.com,Lauretta Turner,Microsoft 365 E5
2023-10-27,braden_lowe@groverale.onmicrosoft.com,Braden Lowe,Microsoft 365 E5
2023-10-27,haylie_feest@groverale.onmicrosoft.com,Haylie Feest,Microsoft 365 E5
2023-10-27,murray.ledner@groverale.onmicrosoft.com,Murray Ledner,Microsoft 365 E5
2023-10-27,breanne.rowe@groverale.onmicrosoft.com,Breanne Rowe,Microsoft 365 E5
2023-10-27,felicity.roob@groverale.onmicrosoft.com,Felicity Roob,Microsoft 365 E5
2023-10-27,sam_fay@groverale.onmicrosoft.com,Sam Fay,Microsoft 365 E5
2023-10-27,kimberly.boyer@groverale.onmicrosoft.com,Kimberly Boyer,Microsoft 365 E5
2023-10-27,johnathan.steuber@groverale.onmicrosoft.com,Johnathan Steuber,Microsoft 365 E5
2023-10-27,noble.thompson@groverale.onmicrosoft.com,Noble Thompson,Microsoft 365 E5
2023-10-27,hardy_emard@groverale.onmicrosoft.com,Hardy Emard,Microsoft 365 E5
2023-10-27,mafalda.welch@groverale.onmicrosoft.com,Mafalda Welch,Microsoft 365 E5
2023-10-27,rodolfo_ratke@groverale.onmicrosoft.com,Rodolfo Ratke,Microsoft 365 E5
2023-10-27,elouise.wilkinson@groverale.onmicrosoft.com,Elouise Wilkinson,Microsoft 365 E5
2023-10-27,piper.hegmann@groverale.onmicrosoft.com,Piper Hegmann,Microsoft 365 E5
2023-10-27,kaleigh_howell@groverale.onmicrosoft.com,Kaleigh Howell,Microsoft 365 E5
2023-10-27,rylan_wintheiser@groverale.onmicrosoft.com,Rylan Wintheiser,Microsoft 365 E5
2023-10-27,magdalena.conn@groverale.onmicrosoft.com,Magdalena Conn,Microsoft 365 E5
2023-10-27,arianna.purdy@groverale.onmicrosoft.com,Arianna Purdy,Microsoft 365 E5
2023-10-27,deven_kunze@groverale.onmicrosoft.com,Deven Kunze,Microsoft 365 E5
2023-10-27,demario_bartoletti@groverale.onmicrosoft.com,Demario Bartoletti,Microsoft 365 E5
2023-10-27,brooks.bashirian@groverale.onmicrosoft.com,Brooks Bashirian,Microsoft 365 E5
2023-10-27,santiago.marvin@groverale.onmicrosoft.com,Santiago Marvin,Microsoft 365 E5
2023-10-27,gerhard.runolfsdottir@groverale.onmicrosoft.com,Gerhard Runolfsdottir,Microsoft 365 E5
2023-10-27,daisha.kassulke@groverale.onmicrosoft.com,Daisha Kassulke,Microsoft 365 E5
2023-10-27,paxton_halvorson@groverale.onmicrosoft.com,Paxton Halvorson,Microsoft 365 E5
2023-10-27,hadley_hudson@groverale.onmicrosoft.com,Hadley Hudson,Microsoft 365 E5
2023-10-27,dorthy.rogahn@groverale.onmicrosoft.com,Dorthy Rogahn,Microsoft 365 E5
2023-10-27,barbara_turcotte@groverale.onmicrosoft.com,Barbara Turcotte,Microsoft 365 E5
2023-10-27,randi_terry@groverale.onmicrosoft.com,Randi Terry,Microsoft 365 E5
2023-10-27,marina_satterfield@groverale.onmicrosoft.com,Marina Satterfield,Microsoft 365 E5
2023-10-27,mac_farrell@groverale.onmicrosoft.com,Mac Farrell,Microsoft 365 E5
2023-10-27,theodora.mohr@groverale.onmicrosoft.com,Theodora Mohr,Microsoft 365 E5
2023-10-27,nicola.mertz@groverale.onmicrosoft.com,Nicola Mertz,Microsoft 365 E5
2023-10-27,madilyn_rohan@groverale.onmicrosoft.com,Madilyn Rohan,Microsoft 365 E5
2023-10-27,miracle.lesch@groverale.onmicrosoft.com,Miracle Lesch,Microsoft 365 E5
2023-10-27,fernando_zulauf@groverale.onmicrosoft.com,Fernando Zulauf,Microsoft 365 E5
2023-10-27,ali.weissnat@groverale.onmicrosoft.com,Ali Weissnat,Microsoft 365 E5
2023-10-27,baylee_ritchie@groverale.onmicrosoft.com,Baylee Ritchie,Microsoft 365 E5
2023-10-27,coty_leffler@groverale.onmicrosoft.com,Coty Leffler,Microsoft 365 E5
2023-10-27,bianka_bartoletti@groverale.onmicrosoft.com,Bianka Bartoletti,Microsoft 365 E5
2023-10-27,nils.cassin@groverale.onmicrosoft.com,Nils Cassin,Microsoft 365 E5
2023-10-27,gilbert.leannon@groverale.onmicrosoft.com,Gilbert Leannon,Microsoft 365 E5
2023-10-27,blanca.reynolds@groverale.onmicrosoft.com,Blanca Reynolds,Microsoft 365 E5
2023-10-27,sam_schoen@groverale.onmicrosoft.com,Sam Schoen,Microsoft 365 E5
2023-10-27,keaton_bailey@groverale.onmicrosoft.com,Keaton Bailey,Microsoft 365 E5
2023-10-27,mikel.lakin@groverale.onmicrosoft.com,Mikel Lakin,Microsoft 365 E5
2023-10-27,amie_littel@groverale.onmicrosoft.com,Amie Littel,Microsoft 365 E5
2023-10-27,diana_bashirian@groverale.onmicrosoft.com,Diana Bashirian,Microsoft 365 E5
2023-10-27,davon.rodriguez@groverale.onmicrosoft.com,Davon Rodriguez,Microsoft 365 E5
2023-10-27,wilbert_jenkins@groverale.onmicrosoft.com,Wilbert Jenkins,Microsoft 365 E5
2023-10-27,alyce_wuckert@groverale.onmicrosoft.com,Alyce Wuckert,Microsoft 365 E5
2023-10-27,gianni.quigley@groverale.onmicrosoft.com,Gianni Quigley,Microsoft 365 E5
2023-10-27,camren.jenkins@groverale.onmicrosoft.com,Camren Jenkins,Microsoft 365 E5
2023-10-27,domenic_upton@groverale.onmicrosoft.com,Domenic Upton,Microsoft 365 E5
2023-10-27,jace_swift@groverale.onmicrosoft.com,Jace Swift,Microsoft 365 E5
2023-10-27,jordyn_turcotte@groverale.onmicrosoft.com,Jordyn Turcotte,Microsoft 365 E5
2023-10-27,elinor_ondricka@groverale.onmicrosoft.com,Elinor Ondricka,Microsoft 365 E5
2023-10-27,malachi.hammes@groverale.onmicrosoft.com,Malachi Hammes,Microsoft 365 E5
2023-10-27,brandt_anderson@groverale.onmicrosoft.com,Brandt Anderson,Microsoft 365 E5
2023-10-27,kennedi.armstrong@groverale.onmicrosoft.com,Kennedi Armstrong,Microsoft 365 E5
2023-10-27,anthony.hagenes@groverale.onmicrosoft.com,Anthony Hagenes,Microsoft 365 E5
2023-10-27,turner_adams@groverale.onmicrosoft.com,Turner Adams,Microsoft 365 E5
2023-10-27,otto_torphy@groverale.onmicrosoft.com,Otto Torphy,Microsoft 365 E5
2023-10-27,elinor_schuster@groverale.onmicrosoft.com,Elinor Schuster,Microsoft 365 E5
2023-10-27,lavon.mckenzie@groverale.onmicrosoft.com,Lavon McKenzie,Microsoft 365 E5
2023-10-27,hunter.streich@groverale.onmicrosoft.com,Hunter Streich,Microsoft 365 E5
2023-10-27,breana.torphy@groverale.onmicrosoft.com,Breana Torphy,Microsoft 365 E5
2023-10-27,alex_kunde@groverale.onmicrosoft.com,Alex Kunde,Microsoft 365 E5
2023-10-27,amina.purdy@groverale.onmicrosoft.com,Amina Purdy,Microsoft 365 E5
2023-10-27,carmel.daugherty@groverale.onmicrosoft.com,Carmel Daugherty,Microsoft 365 E5
2023-10-27,trenton.farrell@groverale.onmicrosoft.com,Trenton Farrell,Microsoft 365 E5
2023-10-27,garett.haag@groverale.onmicrosoft.com,Garett Haag,Microsoft 365 E5
2023-10-27,perry.prohaska@groverale.onmicrosoft.com,Perry Prohaska,Microsoft 365 E5
2023-10-27,johnathan.o_conner@groverale.onmicrosoft.com,Johnathan O'Conner,Microsoft 365 E5
2023-10-27,sadye.sporer@groverale.onmicrosoft.com,Sadye Sporer,Microsoft 365 E5
2023-10-27,kim_jacobson@groverale.onmicrosoft.com,Kim Jacobson,Microsoft 365 E5
2023-10-27,jade_spencer@groverale.onmicrosoft.com,Jade Spencer,Microsoft 365 E5
2023-10-27,kayleigh_haley@groverale.onmicrosoft.com,Kayleigh Haley,Microsoft 365 E5
2023-10-27,haylie_tromp@groverale.onmicrosoft.com,Haylie Tromp,Microsoft 365 E5
2023-10-27,bernardo.ward@groverale.onmicrosoft.com,Bernardo Ward,Microsoft 365 E5
2023-10-27,brooke.powlowski@groverale.onmicrosoft.com,Brooke Powlowski,Microsoft 365 E5
2023-10-27,lempi_schuster@groverale.onmicrosoft.com,Lempi Schuster,Microsoft 365 E5
2023-10-27,kim_stracke@groverale.onmicrosoft.com,Kim Stracke,Microsoft 365 E5
2023-10-27,kris_howe@groverale.onmicrosoft.com,Kris Howe,Microsoft 365 E5
2023-10-27,eric.maggio@groverale.onmicrosoft.com,Eric Maggio,Microsoft 365 E5
2023-10-27,laurie_lowe@groverale.onmicrosoft.com,Laurie Lowe,Microsoft 365 E5
2023-10-27,sigrid.schulist@groverale.onmicrosoft.com,Sigrid Schulist,Microsoft 365 E5
2023-10-27,roselyn_casper@groverale.onmicrosoft.com,Roselyn Casper,Microsoft 365 E5
2023-10-27,mark.bartell@groverale.onmicrosoft.com,Mark Bartell,Microsoft 365 E5
2023-10-27,leonie.friesen@groverale.onmicrosoft.com,Leonie Friesen,Microsoft 365 E5
2023-10-27,brisa.hermann@groverale.onmicrosoft.com,Brisa Hermann,Microsoft 365 E5
2023-10-27,erna.senger@groverale.onmicrosoft.com,Erna Senger,Microsoft 365 E5
2023-10-27,daren.gorczany@groverale.onmicrosoft.com,Daren Gorczany,Microsoft 365 E5
2023-10-27,carmella_schiller@groverale.onmicrosoft.com,Carmella Schiller,Microsoft 365 E5
2023-10-27,fannie.kshlerin@groverale.onmicrosoft.com,Fannie Kshlerin,Microsoft 365 E5
2023-10-27,cathy.reilly@groverale.onmicrosoft.com,Cathy Reilly,Microsoft 365 E5
2023-10-27,tevin_anderson@groverale.onmicrosoft.com,Tevin Anderson,Microsoft 365 E5
2023-10-27,rocky_keebler@groverale.onmicrosoft.com,Rocky Keebler,Microsoft 365 E5
2023-10-27,ford.price@groverale.onmicrosoft.com,Ford Price,Microsoft 365 E5
2023-10-27,savannah_bode@groverale.onmicrosoft.com,Savannah Bode,Microsoft 365 E5
2023-10-27,maia_bashirian@groverale.onmicrosoft.com,Maia Bashirian,Microsoft 365 E5
2023-10-27,anabel_hegmann@groverale.onmicrosoft.com,Anabel Hegmann,Microsoft 365 E5
2023-10-27,savannah_hegmann@groverale.onmicrosoft.com,Savannah Hegmann,Microsoft 365 E5
2023-10-27,enid_jaskolski@groverale.onmicrosoft.com,Enid Jaskolski,Microsoft 365 E5
2023-10-27,odie.mcclure@groverale.onmicrosoft.com,Odie McClure,Microsoft 365 E5
2023-10-27,nelle_hermiston@groverale.onmicrosoft.com,Nelle Hermiston,Microsoft 365 E5
2023-10-27,lacy.beahan@groverale.onmicrosoft.com,Lacy Beahan,Microsoft 365 E5
2023-10-27,carmel.gerhold@groverale.onmicrosoft.com,Carmel Gerhold,Microsoft 365 E5
2023-10-27,raleigh_thompson@groverale.onmicrosoft.com,Raleigh Thompson,Microsoft 365 E5
2023-10-27,golden.runolfsson@groverale.onmicrosoft.com,Golden Runolfsson,Microsoft 365 E5
2023-10-27,amber.hickle@groverale.onmicrosoft.com,Amber Hickle,Microsoft 365 E5
2023-10-27,bradford.schroeder@groverale.onmicrosoft.com,Bradford Schroeder,Microsoft 365 E5
2023-10-27,patricia_kris@groverale.onmicrosoft.com,Patricia Kris,Microsoft 365 E5
2023-10-27,elinor_larkin@groverale.onmicrosoft.com,Elinor Larkin,Microsoft 365 E5
2023-10-27,maia.zulauf@groverale.onmicrosoft.com,Maia Zulauf,Microsoft 365 E5
2023-10-27,anika.wuckert@groverale.onmicrosoft.com,Anika Wuckert,Microsoft 365 E5
2023-10-27,maverick.hartmann@groverale.onmicrosoft.com,Maverick Hartmann,Microsoft 365 E5
2023-10-27,damion.hammes@groverale.onmicrosoft.com,Damion Hammes,Microsoft 365 E5
2023-10-27,lysanne_sauer@groverale.onmicrosoft.com,Lysanne Sauer,Microsoft 365 E5
2023-10-27,rick.steuber@groverale.onmicrosoft.com,Rick Steuber,Microsoft 365 E5
2023-10-27,august.hudson@groverale.onmicrosoft.com,August Hudson,Microsoft 365 E5
2023-10-27,alyson.mayer@groverale.onmicrosoft.com,Alyson Mayer,Microsoft 365 E5
2023-10-27,cynthia.mayer@groverale.onmicrosoft.com,Cynthia Mayer,Microsoft 365 E5
2023-10-27,dagmar_morar@groverale.onmicrosoft.com,Dagmar Morar,Microsoft 365 E5
2023-10-27,johann_schroeder@groverale.onmicrosoft.com,Johann Schroeder,Microsoft 365 E5
2023-10-27,judah.reinger@groverale.onmicrosoft.com,Judah Reinger,Microsoft 365 E5
2023-10-27,alford.emard@groverale.onmicrosoft.com,Alford Emard,Microsoft 365 E5
2023-10-27,lexie.jones@groverale.onmicrosoft.com,Lexie Jones,Microsoft 365 E5
2023-10-27,alexander_williamson@groverale.onmicrosoft.com,Alexander Williamson,Microsoft 365 E5
2023-10-27,amira.rempel@groverale.onmicrosoft.com,Amira Rempel,Microsoft 365 E5
2023-10-27,ludie_schuster@groverale.onmicrosoft.com,Ludie Schuster,Microsoft 365 E5
2023-10-27,kennedi_larkin@groverale.onmicrosoft.com,Kennedi Larkin,Microsoft 365 E5
2023-10-27,solon.kuphal@groverale.onmicrosoft.com,Solon Kuphal,Microsoft 365 E5
2023-10-27,wyatt.hudson@groverale.onmicrosoft.com,Wyatt Hudson,Microsoft 365 E5
2023-10-27,creola_mohr@groverale.onmicrosoft.com,Creola Mohr,Microsoft 365 E5
2023-10-27,viola.tremblay@groverale.onmicrosoft.com,Viola Tremblay,Microsoft 365 E5
2023-10-27,caterina_gleichner@groverale.onmicrosoft.com,Caterina Gleichner,Microsoft 365 E5
2023-10-27,demetrius_sauer@groverale.onmicrosoft.com,Demetrius Sauer,Microsoft 365 E5
2023-10-27,scarlett.trantow@groverale.onmicrosoft.com,Scarlett Trantow,Microsoft 365 E5
2023-10-27,rosendo_hickle@groverale.onmicrosoft.com,Rosendo Hickle,Microsoft 365 E5
2023-10-27,bertrand.maggio@groverale.onmicrosoft.com,Bertrand Maggio,Microsoft 365 E5
2023-10-27,alexzander.watsica@groverale.onmicrosoft.com,Alexzander Watsica,Microsoft 365 E5
2023-10-27,leonie_stamm@groverale.onmicrosoft.com,Leonie Stamm,Microsoft 365 E5
2023-10-27,kayleigh.tromp@groverale.onmicrosoft.com,Kayleigh Tromp,Microsoft 365 E5
2023-10-27,destinee_cole@groverale.onmicrosoft.com,Destinee Cole,Microsoft 365 E5
2023-10-27,ahmed_thiel@groverale.onmicrosoft.com,Ahmed Thiel,Microsoft 365 E5
2023-10-27,theron_swaniawski@groverale.onmicrosoft.com,Theron Swaniawski,Microsoft 365 E5
2023-10-27,edythe_cassin@groverale.onmicrosoft.com,Edythe Cassin,Microsoft 365 E5
2023-10-27,suzanne_bruen@groverale.onmicrosoft.com,Suzanne Bruen,Microsoft 365 E5
2023-10-27,katharina.vonrueden@groverale.onmicrosoft.com,Katharina VonRueden,Microsoft 365 E5
2023-10-27,shanny_bradtke@groverale.onmicrosoft.com,Shanny Bradtke,Microsoft 365 E5
2023-10-27,bernie_adams@groverale.onmicrosoft.com,Bernie Adams,Microsoft 365 E5
2023-10-27,giovanna_mitchell@groverale.onmicrosoft.com,Giovanna Mitchell,Microsoft 365 E5
2023-10-27,rachelle.durgan@groverale.onmicrosoft.com,Rachelle Durgan,Microsoft 365 E5
2023-10-27,graciela.rodriguez@groverale.onmicrosoft.com,Graciela Rodriguez,Microsoft 365 E5
2023-10-27,ericka_koepp@groverale.onmicrosoft.com,Ericka Koepp,Microsoft 365 E5
2023-10-27,florida_grimes@groverale.onmicrosoft.com,Florida Grimes,Microsoft 365 E5
2023-10-27,arne_heidenreich@groverale.onmicrosoft.com,Arne Heidenreich,Microsoft 365 E5
2023-10-27,aron_welch@groverale.onmicrosoft.com,Aron Welch,Microsoft 365 E5
2023-10-27,sandy_botsford@groverale.onmicrosoft.com,Sandy Botsford,Microsoft 365 E5
2023-10-27,general.franecki@groverale.onmicrosoft.com,General Franecki,Microsoft 365 E5
2023-10-27,maurice.raynor@groverale.onmicrosoft.com,Maurice Raynor,Microsoft 365 E5
2023-10-27,jonatan_macejkovic@groverale.onmicrosoft.com,Jonatan Macejkovic,Microsoft 365 E5
2023-10-27,zella_kovacek@groverale.onmicrosoft.com,Zella Kovacek,Microsoft 365 E5
2023-10-27,hermann_hagenes@groverale.onmicrosoft.com,Hermann Hagenes,Microsoft 365 E5
2023-10-27,arjun.hoeger@groverale.onmicrosoft.com,Arjun Hoeger,Microsoft 365 E5
2023-10-27,rafaela.hyatt@groverale.onmicrosoft.com,Rafaela Hyatt,Microsoft 365 E5
2023-10-27,alexandrine_shanahan@groverale.onmicrosoft.com,Alexandrine Shanahan,Microsoft 365 E5
2023-10-27,rosemary_bradtke@groverale.onmicrosoft.com,Rosemary Bradtke,Microsoft 365 E5
2023-10-27,jaiden_batz@groverale.onmicrosoft.com,Jaiden Batz,Microsoft 365 E5
2023-10-27,charley.hermann@groverale.onmicrosoft.com,Charley Hermann,Microsoft 365 E5
2023-10-27,antonina.bogan@groverale.onmicrosoft.com,Antonina Bogan,Microsoft 365 E5
2023-10-27,delpha_torp@groverale.onmicrosoft.com,Delpha Torp,Microsoft 365 E5
2023-10-27,queenie_rippin@groverale.onmicrosoft.com,Queenie Rippin,Microsoft 365 E5
2023-10-27,alessandro.legros@groverale.onmicrosoft.com,Alessandro Legros,Microsoft 365 E5
2023-10-27,leonor_davis@groverale.onmicrosoft.com,Leonor Davis,Microsoft 365 E5
2023-10-27,theron.ward@groverale.onmicrosoft.com,Theron Ward,Microsoft 365 E5
2023-10-27,theresia.waters@groverale.onmicrosoft.com,Theresia Waters,Microsoft 365 E5
2023-10-27,rhea_lowe@groverale.onmicrosoft.com,Rhea Lowe,Microsoft 365 E5
2023-10-27,vernice.klein@groverale.onmicrosoft.com,Vernice Klein,Microsoft 365 E5
2023-10-27,vallie_littel@groverale.onmicrosoft.com,Vallie Littel,Microsoft 365 E5
2023-10-27,arlie.dibbert@groverale.onmicrosoft.com,Arlie Dibbert,Microsoft 365 E5
2023-10-27,caitlyn_pfannerstill@groverale.onmicrosoft.com,Caitlyn Pfannerstill,Microsoft 365 E5
2023-10-27,retha_wolf@groverale.onmicrosoft.com,Retha Wolf,Microsoft 365 E5
2023-10-27,adeline_breitenberg@groverale.onmicrosoft.com,Adeline Breitenberg,Microsoft 365 E5
2023-10-27,dennis.sawayn@groverale.onmicrosoft.com,Dennis Sawayn,Microsoft 365 E5
2023-10-27,heber_gislason@groverale.onmicrosoft.com,Heber Gislason,Microsoft 365 E5
2023-10-27,gladyce.larkin@groverale.onmicrosoft.com,Gladyce Larkin,Microsoft 365 E5
2023-10-27,dee_wiegand@groverale.onmicrosoft.com,Dee Wiegand,Microsoft 365 E5
2023-10-27,luis_stracke@groverale.onmicrosoft.com,Luis Stracke,Microsoft 365 E5
2023-10-27,araceli_blanda@groverale.onmicrosoft.com,Araceli Blanda,Microsoft 365 E5
2023-10-27,dale_okuneva@groverale.onmicrosoft.com,Dale Okuneva,Microsoft 365 E5
2023-10-27,vinnie.mcdermott@groverale.onmicrosoft.com,Vinnie McDermott,Microsoft 365 E5
2023-10-27,carley.o_connell@groverale.onmicrosoft.com,Carley O'Connell,Microsoft 365 E5
2023-10-27,queen_leuschke@groverale.onmicrosoft.com,Queen Leuschke,Microsoft 365 E5
2023-10-27,alex_schneider@groverale.onmicrosoft.com,Alex Schneider,Microsoft 365 E5
2023-10-27,fannie_murazik@groverale.onmicrosoft.com,Fannie Murazik,Microsoft 365 E5
2023-10-27,darby.durgan@groverale.onmicrosoft.com,Darby Durgan,Microsoft 365 E5
2023-10-27,korey.macejkovic@groverale.onmicrosoft.com,Korey Macejkovic,Microsoft 365 E5
2023-10-27,saige.lowe@groverale.onmicrosoft.com,Saige Lowe,Microsoft 365 E5
2023-10-27,elwin_connelly@groverale.onmicrosoft.com,Elwin Connelly,Microsoft 365 E5
2023-10-27,ernestina.mohr@groverale.onmicrosoft.com,Ernestina Mohr,Microsoft 365 E5
2023-10-27,vance.kris@groverale.onmicrosoft.com,Vance Kris,Microsoft 365 E5
2023-10-27,ava_waelchi@groverale.onmicrosoft.com,Ava Waelchi,Microsoft 365 E5
2023-10-27,laila.runolfsdottir@groverale.onmicrosoft.com,Laila Runolfsdottir,Microsoft 365 E5
2023-10-27,tristin.baumbach@groverale.onmicrosoft.com,Tristin Baumbach,Microsoft 365 E5
2023-10-27,claudia_powlowski@groverale.onmicrosoft.com,Claudia Powlowski,Microsoft 365 E5
2023-10-27,garett.quigley@groverale.onmicrosoft.com,Garett Quigley,Microsoft 365 E5
2023-10-27,lessie_greenholt@groverale.onmicrosoft.com,Lessie Greenholt,Microsoft 365 E5
2023-10-27,josie.reynolds@groverale.onmicrosoft.com,Josie Reynolds,Microsoft 365 E5
2023-10-27,chasity_vandervort@groverale.onmicrosoft.com,Chasity Vandervort,Microsoft 365 E5
